{"Values":[10.026439666748047,10.026439666748047],"instances":[14,15]}