{"Values":[9.185559272766114,9.185559272766114],"instances":[14,15]}