{"Values":[8.183334350585938,8.183334350585938],"instances":[14,15]}