{"Values":[5.957644939422607,5.957644939422607],"instances":[14,15]}