{"Values":[9.98888111114502,9.98888111114502],"instances":[14,15]}