{"Values":[9.376853942871094,9.376853942871094],"instances":[14,15]}