{"Values":[8.447738647460938,8.447738647460938],"instances":[14,15]}