{"Values":[9.031429290771485,9.031429290771485],"instances":[14,15]}