{"Values":[7.887037754058838,7.887037754058838],"instances":[14,15]}