{"Values":[7.447137355804443,7.447137355804443],"instances":[14,15]}