{"Values":[6.224948883056641,6.224948883056641,5.49191951751709,5.49191951751709,6.224948883056641,6.224948883056641],"instances":[4,5,14,15,24,25]}