{"Values":[9.545853614807129,9.545853614807129],"instances":[14,15]}