{"Values":[7.660810470581055,7.660810470581055],"instances":[14,15]}