{"Values":[7.189992904663086,7.189992904663086],"instances":[14,15]}