{"Values":[6.72624397277832,6.72624397277832,5.740569591522217,5.740569591522217,6.72624397277832,6.72624397277832],"instances":[4,5,14,15,24,25]}