{"Values":[6.967617511749268,6.967617511749268],"instances":[14,15]}