{"Values":[6.3505024909973148,6.3505024909973148],"instances":[14,15]}