{"Values":[9.304899215698243,9.304899215698243],"instances":[14,15]}