{"Values":[1.8575471639633179,1.5742740631103516,1.5742740631103516,1.8575471639633179,1.7765188217163087,1.5243877172470093,1.5243877172470093,1.7765188217163087,1.8575471639633179,1.5742740631103516,1.5742740631103516,1.8575471639633179],"instances":[3,4,5,6,13,14,15,16,23,24,25,26]}