{"Values":[2.8887650966644289,2.217517375946045,2.217517375946045,2.8887650966644289,2.6340880393981935,2.13102650642395,2.13102650642395,2.6340880393981935,2.8887650966644289,2.217517375946045,2.217517375946045,2.8887650966644289],"instances":[3,4,5,6,13,14,15,16,23,24,25,26]}