{"Values":[3.178856134414673,2.3281164169311525,2.3281164169311525,3.178856134414673,2.8016419410705568,2.234260320663452,2.234260320663452,2.8016419410705568,3.178856134414673,2.3281164169311525,2.3281164169311525,3.178856134414673],"instances":[3,4,5,6,13,14,15,16,23,24,25,26]}