{"Values":[5.159183979034424,5.159183979034424,4.719796657562256,4.719796657562256,5.159183979034424,5.159183979034424],"instances":[4,5,14,15,24,25]}