{"Values":[4.856761932373047,4.856761932373047,4.475003719329834,4.475003719329834,4.856761932373047,4.856761932373047],"instances":[4,5,14,15,24,25]}