{"Values":[2.9632487297058107,2.2506468296051027,2.2506468296051027,2.9632487297058107,2.6832847595214845,2.1619834899902345,2.1619834899902345,2.6832847595214845,2.9632487297058107,2.2506468296051027,2.2506468296051027,2.9632487297058107],"instances":[3,4,5,6,13,14,15,16,23,24,25,26]}