{"Values":[2.0991714000701906,1.7472155094146729,1.7472155094146729,2.0991714000701906,1.9939600229263306,1.688493013381958,1.688493013381958,1.9939600229263306,2.0991714000701906,1.7472155094146729,1.7472155094146729,2.0991714000701906],"instances":[3,4,5,6,13,14,15,16,23,24,25,26]}