{"Values":[5.294297695159912,5.294297695159912,4.826498031616211,4.826498031616211,5.294297695159912,5.294297695159912],"instances":[4,5,14,15,24,25]}