{"Values":[5.066007614135742,5.066007614135742,4.645203590393066,4.645203590393066,5.066007614135742,5.066007614135742],"instances":[4,5,14,15,24,25]}