{"Values":[4.986961841583252,4.986961841583252,4.581329822540283,4.581329822540283,4.986961841583252,4.986961841583252],"instances":[4,5,14,15,24,25]}