{"Values":[4.690068244934082,4.690068244934082,4.337015628814697,4.337015628814697,4.690068244934082,4.690068244934082],"instances":[4,5,14,15,24,25]}