{"Values":[2.556232213973999,2.041546106338501,2.041546106338501,2.556232213973999,2.3837413787841799,1.966104507446289,1.966104507446289,2.3837413787841799,2.556232213973999,2.041546106338501,2.041546106338501,2.556232213973999],"instances":[3,4,5,6,13,14,15,16,23,24,25,26]}