{"Values":[2.326037645339966,1.8994309902191163,1.8994309902191163,2.326037645339966,2.191890001296997,1.8323315382003785,1.8323315382003785,2.191890001296997,2.326037645339966,1.8994309902191163,1.8994309902191163,2.326037645339966],"instances":[3,4,5,6,13,14,15,16,23,24,25,26]}