{"Values":[1.9016956090927125,1.6066195964813233,1.6066195964813233,1.9016956090927125,1.816662073135376,1.5551345348358155,1.5551345348358155,1.816662073135376,1.9016956090927125,1.6066195964813233,1.6066195964813233,1.9016956090927125],"instances":[3,4,5,6,13,14,15,16,23,24,25,26]}