{"Values":[2.6966681480407717,2.6966681480407717,3.5188987255096437,2.575808048248291,2.575808048248291,3.5188987255096437,2.6966681480407717,2.6966681480407717],"instances":[4,5,13,14,15,16,24,25]}