{"Values":[5.659607887268066,5.659607887268066,5.1047163009643559,5.1047163009643559,5.659607887268066,5.659607887268066],"instances":[4,5,14,15,24,25]}