{"Values":[3.0756280422210695,2.2948856353759767,2.2948856353759767,3.0756280422210695,2.7502572536468508,2.203277826309204,2.203277826309204,2.7502572536468508,3.0756280422210695,2.2948856353759767,2.2948856353759767,3.0756280422210695],"instances":[3,4,5,6,13,14,15,16,23,24,25,26]}