{"Values":[2.517270088195801,2.517270088195801,3.1193199157714845,2.4100396633148195,2.4100396633148195,3.1193199157714845,2.517270088195801,2.517270088195801],"instances":[4,5,13,14,15,16,24,25]}