{"Values":[2.819627046585083,2.184431552886963,2.184431552886963,2.819627046585083,2.5856900215148927,2.1000802516937258,2.1000802516937258,2.5856900215148927,2.819627046585083,2.184431552886963,2.184431552886963,2.819627046585083],"instances":[3,4,5,6,13,14,15,16,23,24,25,26]}