{"Values":[3.347675085067749,2.361391067504883,2.361391067504883,3.347675085067749,2.8541440963745119,2.2652547359466554,2.2652547359466554,2.8541440963745119,3.347675085067749,2.361391067504883,2.361391067504883,3.347675085067749],"instances":[3,4,5,6,13,14,15,16,23,24,25,26]}