{"Values":[2.7544264793395998,2.15138840675354,2.15138840675354,2.7544264793395998,2.5380234718322756,2.0691442489624025,2.0691442489624025,2.5380234718322756,2.7544264793395998,2.15138840675354,2.15138840675354,2.7544264793395998],"instances":[3,4,5,6,13,14,15,16,23,24,25,26]}