{"Values":[5.898728370666504,5.898728370666504,5.276515483856201,5.276515483856201,5.898728370666504,5.898728370666504],"instances":[4,5,14,15,24,25]}