{"Values":[3.336237907409668,3.336237907409668,3.1585757732391359,3.1585757732391359,3.336237907409668,3.336237907409668],"instances":[4,5,14,15,24,25]}