{"Values":[4.277730464935303,4.277730464935303,3.9879062175750734,3.9879062175750734,4.277730464935303,4.277730464935303],"instances":[4,5,14,15,24,25]}