{"Values":[4.525932788848877,4.525932788848877,4.199290752410889,4.199290752410889,4.525932788848877,4.525932788848877],"instances":[4,5,14,15,24,25]}