{"Values":[3.640281915664673,3.640281915664673,3.4305577278137209,3.4305577278137209,3.640281915664673,3.640281915664673],"instances":[4,5,14,15,24,25]}