{"Values":[4.766666889190674,4.766666889190674,4.400669097900391,4.400669097900391,4.766666889190674,4.766666889190674],"instances":[4,5,14,15,24,25]}