{"Values":[5.119117259979248,5.119117259979248,4.687817573547363,4.687817573547363,5.119117259979248,5.119117259979248],"instances":[4,5,14,15,24,25]}