{"Values":[2.429367780685425,1.9649288654327393,1.9649288654327393,2.429367780685425,2.279353380203247,1.8940483331680298,1.8940483331680298,2.279353380203247,2.429367780685425,1.9649288654327393,1.9649288654327393,2.429367780685425],"instances":[3,4,5,6,13,14,15,16,23,24,25,26]}