{"Values":[2.259394407272339,1.8558536767959595,1.8558536767959595,2.259394407272339,2.1345090866088869,1.7912110090255738,1.7912110090255738,2.1345090866088869,2.259394407272339,1.8558536767959595,1.8558536767959595,2.259394407272339],"instances":[3,4,5,6,13,14,15,16,23,24,25,26]}