{"Values":[2.162266731262207,1.7906187772750855,1.7906187772750855,2.162266731262207,2.0497074127197267,1.729566216468811,1.729566216468811,2.0497074127197267,2.162266731262207,1.7906187772750855,1.7906187772750855,2.162266731262207],"instances":[3,4,5,6,13,14,15,16,23,24,25,26]}