{"Values":[1.9613386392593384,1.6498041152954102,1.6498041152954102,1.9613386392593384,1.870619297027588,1.5961467027664185,1.5961467027664185,1.870619297027588,1.9613386392593384,1.6498041152954102,1.6498041152954102,1.9613386392593384],"instances":[3,4,5,6,13,14,15,16,23,24,25,26]}