{"Values":[4.93466329574585,4.93466329574585,4.53878116607666,4.53878116607666,4.93466329574585,4.93466329574585],"instances":[4,5,14,15,24,25]}