{"Values":[2.6132168769836427,2.0744502544403078,2.0744502544403078,2.6132168769836427,2.4293413162231447,1.9970035552978516,1.9970035552978516,2.4293413162231447,2.6132168769836427,2.0744502544403078,2.0744502544403078,2.6132168769836427],"instances":[3,4,5,6,13,14,15,16,23,24,25,26]}