{"Values":[2.4058265686035158,2.4058265686035158,2.926140785217285,2.3065969944000246,2.3065969944000246,2.926140785217285,2.4058265686035158,2.4058265686035158],"instances":[4,5,13,14,15,16,24,25]}