{"Values":[78.96097564697266,78.96097564697266,78.89341735839844,78.89341735839844,78.85478973388672,78.85478973388672,78.83208465576172,78.83208465576172,78.82149505615235,78.82149505615235,78.82149505615235,78.82149505615235,78.83208465576172,78.83208465576172,78.85478973388672,78.85478973388672,78.89341735839844,78.89341735839844,78.96097564697266,78.96097564697266],"instances":[20119,20120,20199,20200,20279,20280,20359,20360,20439,20440,20519,20520,20599,20600,20679,20680,20759,20760,20839,20840]}