{"Values":[65.67385864257813,65.67385864257813,65.56929779052735,65.56929779052735,65.49636840820313,65.49636840820313,65.43946075439453,65.43946075439453,65.39306640625,65.39306640625,65.3543701171875,65.3543701171875,65.32180786132813,65.32180786132813,65.29438018798828,65.29438018798828,65.27137756347656,65.27137756347656,65.25233459472656,65.25233459472656,65.23690795898438,65.23690795898438,65.22479248046875,65.22479248046875,65.21587371826172,65.21587371826172,65.21002197265625,65.21002197265625,65.20707702636719,65.20707702636719,65.20707702636719,65.20707702636719,65.21002197265625,65.21002197265625,65.21587371826172,65.21587371826172,65.22479248046875,65.22479248046875,65.23690795898438,65.23690795898438,65.25233459472656,65.25233459472656,65.27137756347656,65.27137756347656,65.29438018798828,65.29438018798828,65.32180786132813,65.32180786132813,65.3543701171875,65.3543701171875,65.39306640625,65.39306640625,65.43946075439453,65.43946075439453,65.49636840820313,65.49636840820313,65.56929779052735,65.56929779052735,65.67385864257813,65.67385864257813],"instances":[19319,19320,19399,19400,19479,19480,19559,19560,19639,19640,19719,19720,19799,19800,19879,19880,19959,19960,20039,20040,20119,20120,20199,20200,20279,20280,20359,20360,20439,20440,20519,20520,20599,20600,20679,20680,20759,20760,20839,20840,20919,20920,20999,21000,21079,21080,21159,21160,21239,21240,21319,21320,21399,21400,21479,21480,21559,21560,21639,21640]}