{"Values":[75.54649353027344,75.54649353027344,75.46490478515625,75.46490478515625,75.41104125976563,75.41104125976563,75.37223815917969,75.37223815917969,75.34397888183594,75.34397888183594,75.32408142089844,75.32408142089844,75.31135559082031,75.31135559082031,75.30508422851563,75.30508422851563,75.30508422851563,75.30508422851563,75.31135559082031,75.31135559082031,75.32408142089844,75.32408142089844,75.34397888183594,75.34397888183594,75.37223815917969,75.37223815917969,75.41104125976563,75.41104125976563,75.46490478515625,75.46490478515625,75.54649353027344,75.54649353027344],"instances":[19879,19880,19959,19960,20039,20040,20119,20120,20199,20200,20279,20280,20359,20360,20439,20440,20519,20520,20599,20600,20679,20680,20759,20760,20839,20840,20919,20920,20999,21000,21079,21080]}