{"Values":[68.85160827636719,68.85160827636719,68.74452209472656,68.74452209472656,68.67257690429688,68.67257690429688,68.61759185791016,68.61759185791016,68.57360076904297,68.57360076904297,68.53768920898438,68.53768920898438,68.50825500488281,68.50825500488281,68.4842758178711,68.4842758178711,68.46504211425781,68.46504211425781,68.45011138916016,68.45011138916016,68.43915557861328,68.43915557861328,68.43197631835938,68.43197631835938,68.42841339111328,68.42841339111328,68.42841339111328,68.42841339111328,68.43197631835938,68.43197631835938,68.43915557861328,68.43915557861328,68.45011138916016,68.45011138916016,68.46504211425781,68.46504211425781,68.4842758178711,68.4842758178711,68.50825500488281,68.50825500488281,68.53768920898438,68.53768920898438,68.57360076904297,68.57360076904297,68.61759185791016,68.61759185791016,68.67257690429688,68.67257690429688,68.74452209472656,68.74452209472656,68.85160827636719,68.85160827636719],"instances":[19479,19480,19559,19560,19639,19640,19719,19720,19799,19800,19879,19880,19959,19960,20039,20040,20119,20120,20199,20200,20279,20280,20359,20360,20439,20440,20519,20520,20599,20600,20679,20680,20759,20760,20839,20840,20919,20920,20999,21000,21079,21080,21159,21160,21239,21240,21319,21320,21399,21400,21479,21480]}