{"Values":[78.22616577148438,78.22616577148438,78.14163970947266,78.14163970947266,78.09318542480469,78.09318542480469,78.06208801269531,78.06208801269531,78.04312133789063,78.04312133789063,78.03407287597656,78.03407287597656,78.03407287597656,78.03407287597656,78.04312133789063,78.04312133789063,78.06208801269531,78.06208801269531,78.09318542480469,78.09318542480469,78.14163970947266,78.14163970947266,78.22616577148438,78.22616577148438],"instances":[20039,20040,20119,20120,20199,20200,20279,20280,20359,20360,20439,20440,20519,20520,20599,20600,20679,20680,20759,20760,20839,20840,20919,20920]}