{"Values":[76.6203384399414,76.6203384399414,76.54743957519531,76.54743957519531,76.49958038330078,76.49958038330078,76.466064453125,76.466064453125,76.44291687011719,76.44291687011719,76.42826843261719,76.42826843261719,76.42119598388672,76.42119598388672,76.42119598388672,76.42119598388672,76.42826843261719,76.42826843261719,76.44291687011719,76.44291687011719,76.466064453125,76.466064453125,76.49958038330078,76.49958038330078,76.54743957519531,76.54743957519531,76.6203384399414,76.6203384399414],"instances":[19959,19960,20039,20040,20119,20120,20199,20200,20279,20280,20359,20360,20439,20440,20519,20520,20599,20600,20679,20680,20759,20760,20839,20840,20919,20920,20999,21000]}