{"Values":[81.24964141845703,81.24964141845703,81.179931640625,81.179931640625,81.179931640625,81.179931640625,81.24964141845703,81.24964141845703],"instances":[20359,20360,20439,20440,20519,20520,20599,20600]}