{"Values":[61.404361724853519,61.404361724853519,61.29115295410156,61.29115295410156,61.213111877441409,61.213111877441409,61.15190124511719,61.15190124511719,61.10142135620117,61.10142135620117,61.0587158203125,61.0587158203125,61.022037506103519,61.022037506103519,60.99033737182617,60.99033737182617,60.96290969848633,60.96290969848633,60.93918228149414,60.93918228149414,60.91877746582031,60.91877746582031,60.90141677856445,60.90141677856445,60.88686752319336,60.88686752319336,60.874969482421878,60.874969482421878,60.8655891418457,60.8655891418457,60.85863494873047,60.85863494873047,60.854034423828128,60.854034423828128,60.85173034667969,60.85173034667969,60.85173034667969,60.85173034667969,60.854034423828128,60.854034423828128,60.85863494873047,60.85863494873047,60.8655891418457,60.8655891418457,60.874969482421878,60.874969482421878,60.88686752319336,60.88686752319336,60.90141677856445,60.90141677856445,60.91877746582031,60.91877746582031,60.93918228149414,60.93918228149414,60.96290969848633,60.96290969848633,60.99033737182617,60.99033737182617,61.022037506103519,61.022037506103519,61.0587158203125,61.0587158203125,61.10142135620117,61.10142135620117,61.15190124511719,61.15190124511719,61.213111877441409,61.213111877441409,61.29115295410156,61.29115295410156,61.404361724853519,61.404361724853519],"instances":[19079,19080,19159,19160,19239,19240,19319,19320,19399,19400,19479,19480,19559,19560,19639,19640,19719,19720,19799,19800,19879,19880,19959,19960,20039,20040,20119,20120,20199,20200,20279,20280,20359,20360,20439,20440,20519,20520,20599,20600,20679,20680,20759,20760,20839,20840,20919,20920,20999,21000,21079,21080,21159,21160,21239,21240,21319,21320,21399,21400,21479,21480,21559,21560,21639,21640,21719,21720,21799,21800,21879,21880]}