{"Values":[73.25122833251953,73.25122833251953,73.1502914428711,73.1502914428711,73.08500671386719,73.08500671386719,73.03687286376953,73.03687286376953,72.99992370605469,72.99992370605469,72.97151947021485,72.97151947021485,72.9499740600586,72.9499740600586,72.9344482421875,72.9344482421875,72.92437744140625,72.92437744140625,72.91943359375,72.91943359375,72.91943359375,72.91943359375,72.92437744140625,72.92437744140625,72.9344482421875,72.9344482421875,72.9499740600586,72.9499740600586,72.97151947021485,72.97151947021485,72.99992370605469,72.99992370605469,73.03687286376953,73.03687286376953,73.08500671386719,73.08500671386719,73.1502914428711,73.1502914428711,73.25122833251953,73.25122833251953],"instances":[19719,19720,19799,19800,19879,19880,19959,19960,20039,20040,20119,20120,20199,20200,20279,20280,20359,20360,20439,20440,20519,20520,20599,20600,20679,20680,20759,20760,20839,20840,20919,20920,20999,21000,21079,21080,21159,21160,21239,21240]}