{"Values":[52.61509323120117,52.61509323120117,52.46178436279297,52.46178436279297,52.37062072753906,52.37062072753906,52.300865173339847,52.300865173339847,52.24341583251953,52.24341583251953,52.194374084472659,52.194374084472659,52.15164566040039,52.15164566040039,52.11385726928711,52.11385726928711,52.08018493652344,52.08018493652344,52.0500373840332,52.0500373840332,52.022926330566409,52.022926330566409,51.998531341552737,51.998531341552737,51.97660827636719,51.97660827636719,51.95690155029297,51.95690155029297,51.93930435180664,51.93930435180664,51.923614501953128,51.923614501953128,51.909767150878909,51.909767150878909,51.897666931152347,51.897666931152347,51.88721466064453,51.88721466064453,51.87834167480469,51.87834167480469,51.871036529541019,51.871036529541019,51.8652229309082,51.8652229309082,51.86089324951172,51.86089324951172,51.85801315307617,51.85801315307617,51.8565788269043,51.8565788269043,51.8565788269043,51.8565788269043,51.85801315307617,51.85801315307617,51.86089324951172,51.86089324951172,51.8652229309082,51.8652229309082,51.871036529541019,51.871036529541019,51.87834167480469,51.87834167480469,51.88721466064453,51.88721466064453,51.897666931152347,51.897666931152347,51.909767150878909,51.909767150878909,51.923614501953128,51.923614501953128,51.93930435180664,51.93930435180664,51.95690155029297,51.95690155029297,51.97660827636719,51.97660827636719,51.998531341552737,51.998531341552737,52.022926330566409,52.022926330566409,52.0500373840332,52.0500373840332,52.08018493652344,52.08018493652344,52.11385726928711,52.11385726928711,52.15164566040039,52.15164566040039,52.194374084472659,52.194374084472659,52.24341583251953,52.24341583251953,52.300865173339847,52.300865173339847,52.37062072753906,52.37062072753906,52.46178436279297,52.46178436279297,52.61509323120117,52.61509323120117],"instances":[18519,18520,18599,18600,18679,18680,18759,18760,18839,18840,18919,18920,18999,19000,19079,19080,19159,19160,19239,19240,19319,19320,19399,19400,19479,19480,19559,19560,19639,19640,19719,19720,19799,19800,19879,19880,19959,19960,20039,20040,20119,20120,20199,20200,20279,20280,20359,20360,20439,20440,20519,20520,20599,20600,20679,20680,20759,20760,20839,20840,20919,20920,20999,21000,21079,21080,21159,21160,21239,21240,21319,21320,21399,21400,21479,21480,21559,21560,21639,21640,21719,21720,21799,21800,21879,21880,21959,21960,22039,22040,22119,22120,22199,22200,22279,22280,22359,22360,22439,22440]}