{"Values":[53.45371627807617,53.45371627807617,53.32910919189453,53.32910919189453,53.24555587768555,53.24555587768555,53.179969787597659,53.179969787597659,53.12528610229492,53.12528610229492,53.078407287597659,53.078407287597659,53.03736114501953,53.03736114501953,53.001075744628909,53.001075744628909,52.9687614440918,52.9687614440918,52.93984603881836,52.93984603881836,52.91392135620117,52.91392135620117,52.89066696166992,52.89066696166992,52.869815826416019,52.869815826416019,52.851226806640628,52.851226806640628,52.83470153808594,52.83470153808594,52.82013702392578,52.82013702392578,52.80738830566406,52.80738830566406,52.796390533447269,52.796390533447269,52.7870979309082,52.7870979309082,52.7794189453125,52.7794189453125,52.77333068847656,52.77333068847656,52.76880645751953,52.76880645751953,52.76578140258789,52.76578140258789,52.76427459716797,52.76427459716797,52.76427459716797,52.76427459716797,52.76578140258789,52.76578140258789,52.76880645751953,52.76880645751953,52.77333068847656,52.77333068847656,52.7794189453125,52.7794189453125,52.7870979309082,52.7870979309082,52.796390533447269,52.796390533447269,52.80738830566406,52.80738830566406,52.82013702392578,52.82013702392578,52.83470153808594,52.83470153808594,52.851226806640628,52.851226806640628,52.869815826416019,52.869815826416019,52.89066696166992,52.89066696166992,52.91392135620117,52.91392135620117,52.93984603881836,52.93984603881836,52.9687614440918,52.9687614440918,53.001075744628909,53.001075744628909,53.03736114501953,53.03736114501953,53.078407287597659,53.078407287597659,53.12528610229492,53.12528610229492,53.179969787597659,53.179969787597659,53.24555587768555,53.24555587768555,53.32910919189453,53.32910919189453,53.45371627807617,53.45371627807617],"instances":[18599,18600,18679,18680,18759,18760,18839,18840,18919,18920,18999,19000,19079,19080,19159,19160,19239,19240,19319,19320,19399,19400,19479,19480,19559,19560,19639,19640,19719,19720,19799,19800,19879,19880,19959,19960,20039,20040,20119,20120,20199,20200,20279,20280,20359,20360,20439,20440,20519,20520,20599,20600,20679,20680,20759,20760,20839,20840,20919,20920,20999,21000,21079,21080,21159,21160,21239,21240,21319,21320,21399,21400,21479,21480,21559,21560,21639,21640,21719,21720,21799,21800,21879,21880,21959,21960,22039,22040,22119,22120,22199,22200,22279,22280,22359,22360]}