{"Values":[57.61214065551758,57.61214065551758,57.476417541503909,57.476417541503909,57.38995361328125,57.38995361328125,57.32327651977539,57.32327651977539,57.26842498779297,57.26842498779297,57.2218017578125,57.2218017578125,57.18146896362305,57.18146896362305,57.14620590209961,57.14620590209961,57.11518478393555,57.11518478393555,57.087799072265628,57.087799072265628,57.063655853271487,57.063655853271487,57.04241180419922,57.04241180419922,57.02381896972656,57.02381896972656,57.0076789855957,57.0076789855957,56.993831634521487,56.993831634521487,56.98214340209961,56.98214340209961,56.97256088256836,56.97256088256836,56.96495819091797,56.96495819091797,56.95931625366211,56.95931625366211,56.95558166503906,56.95558166503906,56.95372009277344,56.95372009277344,56.95372009277344,56.95372009277344,56.95558166503906,56.95558166503906,56.95931625366211,56.95931625366211,56.96495819091797,56.96495819091797,56.97256088256836,56.97256088256836,56.98214340209961,56.98214340209961,56.993831634521487,56.993831634521487,57.0076789855957,57.0076789855957,57.02381896972656,57.02381896972656,57.04241180419922,57.04241180419922,57.063655853271487,57.063655853271487,57.087799072265628,57.087799072265628,57.11518478393555,57.11518478393555,57.14620590209961,57.14620590209961,57.18146896362305,57.18146896362305,57.2218017578125,57.2218017578125,57.26842498779297,57.26842498779297,57.32327651977539,57.32327651977539,57.38995361328125,57.38995361328125,57.476417541503909,57.476417541503909,57.61214065551758,57.61214065551758],"instances":[18839,18840,18919,18920,18999,19000,19079,19080,19159,19160,19239,19240,19319,19320,19399,19400,19479,19480,19559,19560,19639,19640,19719,19720,19799,19800,19879,19880,19959,19960,20039,20040,20119,20120,20199,20200,20279,20280,20359,20360,20439,20440,20519,20520,20599,20600,20679,20680,20759,20760,20839,20840,20919,20920,20999,21000,21079,21080,21159,21160,21239,21240,21319,21320,21399,21400,21479,21480,21559,21560,21639,21640,21719,21720,21799,21800,21879,21880,21959,21960,22039,22040,22119,22120]}