{"Values":[63.110687255859378,63.110687255859378,62.98877716064453,62.98877716064453,62.908233642578128,62.908233642578128,62.84601593017578,62.84601593017578,62.79521942138672,62.79521942138672,62.75254821777344,62.75254821777344,62.71626281738281,62.71626281738281,62.68519592285156,62.68519592285156,62.65855026245117,62.65855026245117,62.63576126098633,62.63576126098633,62.616455078125,62.616455078125,62.60034942626953,62.60034942626953,62.58722686767578,62.58722686767578,62.57687759399414,62.57687759399414,62.569244384765628,62.569244384765628,62.564178466796878,62.564178466796878,62.561676025390628,62.561676025390628,62.561676025390628,62.561676025390628,62.564178466796878,62.564178466796878,62.569244384765628,62.569244384765628,62.57687759399414,62.57687759399414,62.58722686767578,62.58722686767578,62.60034942626953,62.60034942626953,62.616455078125,62.616455078125,62.63576126098633,62.63576126098633,62.65855026245117,62.65855026245117,62.68519592285156,62.68519592285156,62.71626281738281,62.71626281738281,62.75254821777344,62.75254821777344,62.79521942138672,62.79521942138672,62.84601593017578,62.84601593017578,62.908233642578128,62.908233642578128,62.98877716064453,62.98877716064453,63.110687255859378,63.110687255859378],"instances":[19159,19160,19239,19240,19319,19320,19399,19400,19479,19480,19559,19560,19639,19640,19719,19720,19799,19800,19879,19880,19959,19960,20039,20040,20119,20120,20199,20200,20279,20280,20359,20360,20439,20440,20519,20520,20599,20600,20679,20680,20759,20760,20839,20840,20919,20920,20999,21000,21079,21080,21159,21160,21239,21240,21319,21320,21399,21400,21479,21480,21559,21560,21639,21640,21719,21720,21799,21800]}