{"Values":[75.53549194335938,75.53549194335938,75.45408630371094,75.45408630371094,75.40033721923828,75.40033721923828,75.36163330078125,75.36163330078125,75.33340454101563,75.33340454101563,75.31354522705078,75.31354522705078,75.30078887939453,75.30078887939453,75.29456329345703,75.29456329345703,75.29456329345703,75.29456329345703,75.30078887939453,75.30078887939453,75.31354522705078,75.31354522705078,75.33340454101563,75.33340454101563,75.36163330078125,75.36163330078125,75.40033721923828,75.40033721923828,75.45408630371094,75.45408630371094,75.53549194335938,75.53549194335938],"instances":[19879,19880,19959,19960,20039,20040,20119,20120,20199,20200,20279,20280,20359,20360,20439,20440,20519,20520,20599,20600,20679,20680,20759,20760,20839,20840,20919,20920,20999,21000,21079,21080]}