{"Values":[48.60888671875,48.60888671875,48.49040222167969,48.49040222167969,48.408939361572269,48.408939361572269,48.34426498413086,48.34426498413086,48.2899284362793,48.2899284362793,48.24287796020508,48.24287796020508,48.20137405395508,48.20137405395508,48.164306640625,48.164306640625,48.13093948364258,48.13093948364258,48.100765228271487,48.100765228271487,48.07334899902344,48.07334899902344,48.04838562011719,48.04838562011719,48.02565002441406,48.02565002441406,48.00492858886719,48.00492858886719,47.986083984375,47.986083984375,47.96897506713867,47.96897506713867,47.9534797668457,47.9534797668457,47.939552307128909,47.939552307128909,47.92708206176758,47.92708206176758,47.9160041809082,47.9160041809082,47.90629196166992,47.90629196166992,47.89786148071289,47.89786148071289,47.890716552734378,47.890716552734378,47.884796142578128,47.884796142578128,47.88008117675781,47.88008117675781,47.87657165527344,47.87657165527344,47.874229431152347,47.874229431152347,47.873077392578128,47.873077392578128,47.873077392578128,47.873077392578128,47.874229431152347,47.874229431152347,47.87657165527344,47.87657165527344,47.88008117675781,47.88008117675781,47.884796142578128,47.884796142578128,47.890716552734378,47.890716552734378,47.89786148071289,47.89786148071289,47.90629196166992,47.90629196166992,47.9160041809082,47.9160041809082,47.92708206176758,47.92708206176758,47.939552307128909,47.939552307128909,47.9534797668457,47.9534797668457,47.96897506713867,47.96897506713867,47.986083984375,47.986083984375,48.00492858886719,48.00492858886719,48.02565002441406,48.02565002441406,48.04838562011719,48.04838562011719,48.07334899902344,48.07334899902344,48.100765228271487,48.100765228271487,48.13093948364258,48.13093948364258,48.164306640625,48.164306640625,48.20137405395508,48.20137405395508,48.24287796020508,48.24287796020508,48.2899284362793,48.2899284362793,48.34426498413086,48.34426498413086,48.408939361572269,48.408939361572269,48.49040222167969,48.49040222167969,48.60888671875,48.60888671875],"instances":[18279,18280,18359,18360,18439,18440,18519,18520,18599,18600,18679,18680,18759,18760,18839,18840,18919,18920,18999,19000,19079,19080,19159,19160,19239,19240,19319,19320,19399,19400,19479,19480,19559,19560,19639,19640,19719,19720,19799,19800,19879,19880,19959,19960,20039,20040,20119,20120,20199,20200,20279,20280,20359,20360,20439,20440,20519,20520,20599,20600,20679,20680,20759,20760,20839,20840,20919,20920,20999,21000,21079,21080,21159,21160,21239,21240,21319,21320,21399,21400,21479,21480,21559,21560,21639,21640,21719,21720,21799,21800,21879,21880,21959,21960,22039,22040,22119,22120,22199,22200,22279,22280,22359,22360,22439,22440,22519,22520,22599,22600,22679,22680]}