{"Values":[80.11122131347656,80.11122131347656,80.03365325927735,80.03365325927735,79.99884033203125,79.99884033203125,79.98368835449219,79.98368835449219,79.98368835449219,79.98368835449219,79.99884033203125,79.99884033203125,80.03365325927735,80.03365325927735,80.11122131347656,80.11122131347656],"instances":[20199,20200,20279,20280,20359,20360,20439,20440,20519,20520,20599,20600,20679,20680,20759,20760]}