{"Values":[53.341712951660159,53.341712951660159,53.2225227355957,53.2225227355957,53.14082717895508,53.14082717895508,53.07622146606445,53.07622146606445,53.02224349975586,53.02224349975586,52.975830078125,52.975830078125,52.93519592285156,52.93519592285156,52.899234771728519,52.899234771728519,52.867149353027347,52.867149353027347,52.83843994140625,52.83843994140625,52.81268310546875,52.81268310546875,52.78960037231445,52.78960037231445,52.768882751464847,52.768882751464847,52.75040054321289,52.75040054321289,52.733970642089847,52.733970642089847,52.7194709777832,52.7194709777832,52.70680236816406,52.70680236816406,52.69588088989258,52.69588088989258,52.68659973144531,52.68659973144531,52.678993225097659,52.678993225097659,52.67293167114258,52.67293167114258,52.668418884277347,52.668418884277347,52.665428161621097,52.665428161621097,52.6639289855957,52.6639289855957,52.6639289855957,52.6639289855957,52.665428161621097,52.665428161621097,52.668418884277347,52.668418884277347,52.67293167114258,52.67293167114258,52.678993225097659,52.678993225097659,52.68659973144531,52.68659973144531,52.69588088989258,52.69588088989258,52.70680236816406,52.70680236816406,52.7194709777832,52.7194709777832,52.733970642089847,52.733970642089847,52.75040054321289,52.75040054321289,52.768882751464847,52.768882751464847,52.78960037231445,52.78960037231445,52.81268310546875,52.81268310546875,52.83843994140625,52.83843994140625,52.867149353027347,52.867149353027347,52.899234771728519,52.899234771728519,52.93519592285156,52.93519592285156,52.975830078125,52.975830078125,53.02224349975586,53.02224349975586,53.07622146606445,53.07622146606445,53.14082717895508,53.14082717895508,53.2225227355957,53.2225227355957,53.341712951660159,53.341712951660159],"instances":[18599,18600,18679,18680,18759,18760,18839,18840,18919,18920,18999,19000,19079,19080,19159,19160,19239,19240,19319,19320,19399,19400,19479,19480,19559,19560,19639,19640,19719,19720,19799,19800,19879,19880,19959,19960,20039,20040,20119,20120,20199,20200,20279,20280,20359,20360,20439,20440,20519,20520,20599,20600,20679,20680,20759,20760,20839,20840,20919,20920,20999,21000,21079,21080,21159,21160,21239,21240,21319,21320,21399,21400,21479,21480,21559,21560,21639,21640,21719,21720,21799,21800,21879,21880,21959,21960,22039,22040,22119,22120,22199,22200,22279,22280,22359,22360]}