{"Values":[61.04336929321289,61.04336929321289,60.84052658081055,60.84052658081055,60.743690490722659,60.743690490722659,60.67247009277344,60.67247009277344,60.61530685424805,60.61530685424805,60.56753921508789,60.56753921508789,60.52682876586914,60.52682876586914,60.49168395996094,60.49168395996094,60.461212158203128,60.461212158203128,60.43476104736328,60.43476104736328,60.411827087402347,60.411827087402347,60.392086029052737,60.392086029052737,60.37525939941406,60.37525939941406,60.361148834228519,60.361148834228519,60.3495979309082,60.3495979309082,60.340484619140628,60.340484619140628,60.33372497558594,60.33372497558594,60.329254150390628,60.329254150390628,60.3270149230957,60.3270149230957,60.3270149230957,60.3270149230957,60.329254150390628,60.329254150390628,60.33372497558594,60.33372497558594,60.340484619140628,60.340484619140628,60.3495979309082,60.3495979309082,60.361148834228519,60.361148834228519,60.37525939941406,60.37525939941406,60.392086029052737,60.392086029052737,60.411827087402347,60.411827087402347,60.43476104736328,60.43476104736328,60.461212158203128,60.461212158203128,60.49168395996094,60.49168395996094,60.52682876586914,60.52682876586914,60.56753921508789,60.56753921508789,60.61530685424805,60.61530685424805,60.67247009277344,60.67247009277344,60.743690490722659,60.743690490722659,60.84052658081055,60.84052658081055,61.04336929321289,61.04336929321289],"instances":[18999,19000,19079,19080,19159,19160,19239,19240,19319,19320,19399,19400,19479,19480,19559,19560,19639,19640,19719,19720,19799,19800,19879,19880,19959,19960,20039,20040,20119,20120,20199,20200,20279,20280,20359,20360,20439,20440,20519,20520,20599,20600,20679,20680,20759,20760,20839,20840,20919,20920,20999,21000,21079,21080,21159,21160,21239,21240,21319,21320,21399,21400,21479,21480,21559,21560,21639,21640,21719,21720,21799,21800,21879,21880,21959,21960]}