{"Values":[64.59344482421875,64.59344482421875,64.47268676757813,64.47268676757813,64.39314270019531,64.39314270019531,64.33202362060547,64.33202362060547,64.2823257446289,64.2823257446289,64.2408676147461,64.2408676147461,64.20581817626953,64.20581817626953,64.1760482788086,64.1760482788086,64.15079498291016,64.15079498291016,64.12952423095703,64.12952423095703,64.11183166503906,64.11183166503906,64.09745788574219,64.09745788574219,64.08616638183594,64.08616638183594,64.07781982421875,64.07781982421875,64.07232666015625,64.07232666015625,64.0695571899414,64.0695571899414,64.0695571899414,64.0695571899414,64.07232666015625,64.07232666015625,64.07781982421875,64.07781982421875,64.08616638183594,64.08616638183594,64.09745788574219,64.09745788574219,64.11183166503906,64.11183166503906,64.12952423095703,64.12952423095703,64.15079498291016,64.15079498291016,64.1760482788086,64.1760482788086,64.20581817626953,64.20581817626953,64.2408676147461,64.2408676147461,64.2823257446289,64.2823257446289,64.33202362060547,64.33202362060547,64.39314270019531,64.39314270019531,64.47268676757813,64.47268676757813,64.59344482421875,64.59344482421875],"instances":[19239,19240,19319,19320,19399,19400,19479,19480,19559,19560,19639,19640,19719,19720,19799,19800,19879,19880,19959,19960,20039,20040,20119,20120,20199,20200,20279,20280,20359,20360,20439,20440,20519,20520,20599,20600,20679,20680,20759,20760,20839,20840,20919,20920,20999,21000,21079,21080,21159,21160,21239,21240,21319,21320,21399,21400,21479,21480,21559,21560,21639,21640,21719,21720]}