{"Values":[72.43771362304688,72.43771362304688,72.30158233642578,72.30158233642578,72.22484588623047,72.22484588623047,72.16943359375,72.16943359375,72.12690734863281,72.12690734863281,72.09367370605469,72.09367370605469,72.06774139404297,72.06774139404297,72.04794311523438,72.04794311523438,72.03360748291016,72.03360748291016,72.0242691040039,72.0242691040039,72.01963806152344,72.01963806152344,72.01963806152344,72.01963806152344,72.0242691040039,72.0242691040039,72.03360748291016,72.03360748291016,72.04794311523438,72.04794311523438,72.06774139404297,72.06774139404297,72.09367370605469,72.09367370605469,72.12690734863281,72.12690734863281,72.16943359375,72.16943359375,72.22484588623047,72.22484588623047,72.30158233642578,72.30158233642578,72.43771362304688,72.43771362304688],"instances":[19639,19640,19719,19720,19799,19800,19879,19880,19959,19960,20039,20040,20119,20120,20199,20200,20279,20280,20359,20360,20439,20440,20519,20520,20599,20600,20679,20680,20759,20760,20839,20840,20919,20920,20999,21000,21079,21080,21159,21160,21239,21240,21319,21320]}