{"Values":[50.24589538574219,50.24589538574219,50.09034729003906,50.09034729003906,49.99879455566406,49.99879455566406,49.928733825683597,49.928733825683597,49.87098693847656,49.87098693847656,49.8215446472168,49.8215446472168,49.778255462646487,49.778255462646487,49.7398681640625,49.7398681640625,49.70548629760742,49.70548629760742,49.674560546875,49.674560546875,49.646568298339847,49.646568298339847,49.62120819091797,49.62120819091797,49.598209381103519,49.598209381103519,49.577369689941409,49.577369689941409,49.55852508544922,49.55852508544922,49.54148864746094,49.54148864746094,49.526222229003909,49.526222229003909,49.51255798339844,49.51255798339844,49.500457763671878,49.500457763671878,49.48985290527344,49.48985290527344,49.480690002441409,49.480690002441409,49.47289276123047,49.47289276123047,49.46646499633789,49.46646499633789,49.461326599121097,49.461326599121097,49.4575080871582,49.4575080871582,49.454986572265628,49.454986572265628,49.453704833984378,49.453704833984378,49.453704833984378,49.453704833984378,49.454986572265628,49.454986572265628,49.4575080871582,49.4575080871582,49.461326599121097,49.461326599121097,49.46646499633789,49.46646499633789,49.47289276123047,49.47289276123047,49.480690002441409,49.480690002441409,49.48985290527344,49.48985290527344,49.500457763671878,49.500457763671878,49.51255798339844,49.51255798339844,49.526222229003909,49.526222229003909,49.54148864746094,49.54148864746094,49.55852508544922,49.55852508544922,49.577369689941409,49.577369689941409,49.598209381103519,49.598209381103519,49.62120819091797,49.62120819091797,49.646568298339847,49.646568298339847,49.674560546875,49.674560546875,49.70548629760742,49.70548629760742,49.7398681640625,49.7398681640625,49.778255462646487,49.778255462646487,49.8215446472168,49.8215446472168,49.87098693847656,49.87098693847656,49.928733825683597,49.928733825683597,49.99879455566406,49.99879455566406,50.09034729003906,50.09034729003906,50.24589538574219,50.24589538574219],"instances":[18359,18360,18439,18440,18519,18520,18599,18600,18679,18680,18759,18760,18839,18840,18919,18920,18999,19000,19079,19080,19159,19160,19239,19240,19319,19320,19399,19400,19479,19480,19559,19560,19639,19640,19719,19720,19799,19800,19879,19880,19959,19960,20039,20040,20119,20120,20199,20200,20279,20280,20359,20360,20439,20440,20519,20520,20599,20600,20679,20680,20759,20760,20839,20840,20919,20920,20999,21000,21079,21080,21159,21160,21239,21240,21319,21320,21399,21400,21479,21480,21559,21560,21639,21640,21719,21720,21799,21800,21879,21880,21959,21960,22039,22040,22119,22120,22199,22200,22279,22280,22359,22360,22439,22440,22519,22520,22599,22600]}