{"Values":[46.746063232421878,46.746063232421878,46.60939025878906,46.60939025878906,46.52265167236328,46.52265167236328,46.45514678955078,46.45514678955078,46.39885711669922,46.39885711669922,46.350257873535159,46.350257873535159,46.30744552612305,46.30744552612305,46.26922607421875,46.26922607421875,46.234779357910159,46.234779357910159,46.20350646972656,46.20350646972656,46.17503356933594,46.17503356933594,46.149017333984378,46.149017333984378,46.125213623046878,46.125213623046878,46.103370666503909,46.103370666503909,46.0833854675293,46.0833854675293,46.06509017944336,46.06509017944336,46.04838180541992,46.04838180541992,46.03318786621094,46.03318786621094,46.01935577392578,46.01935577392578,46.00690460205078,46.00690460205078,45.99574279785156,45.99574279785156,45.98582077026367,45.98582077026367,45.977073669433597,45.977073669433597,45.9694938659668,45.9694938659668,45.96305465698242,45.96305465698242,45.957725524902347,45.957725524902347,45.953468322753909,45.953468322753909,45.9503059387207,45.9503059387207,45.94818878173828,45.94818878173828,45.947139739990237,45.947139739990237,45.947139739990237,45.947139739990237,45.94818878173828,45.94818878173828,45.9503059387207,45.9503059387207,45.953468322753909,45.953468322753909,45.957725524902347,45.957725524902347,45.96305465698242,45.96305465698242,45.9694938659668,45.9694938659668,45.977073669433597,45.977073669433597,45.98582077026367,45.98582077026367,45.99574279785156,45.99574279785156,46.00690460205078,46.00690460205078,46.01935577392578,46.01935577392578,46.03318786621094,46.03318786621094,46.04838180541992,46.04838180541992,46.06509017944336,46.06509017944336,46.0833854675293,46.0833854675293,46.103370666503909,46.103370666503909,46.125213623046878,46.125213623046878,46.149017333984378,46.149017333984378,46.17503356933594,46.17503356933594,46.20350646972656,46.20350646972656,46.234779357910159,46.234779357910159,46.26922607421875,46.26922607421875,46.30744552612305,46.30744552612305,46.350257873535159,46.350257873535159,46.39885711669922,46.39885711669922,46.45514678955078,46.45514678955078,46.52265167236328,46.52265167236328,46.60939025878906,46.60939025878906,46.746063232421878,46.746063232421878],"instances":[18119,18120,18199,18200,18279,18280,18359,18360,18439,18440,18519,18520,18599,18600,18679,18680,18759,18760,18839,18840,18919,18920,18999,19000,19079,19080,19159,19160,19239,19240,19319,19320,19399,19400,19479,19480,19559,19560,19639,19640,19719,19720,19799,19800,19879,19880,19959,19960,20039,20040,20119,20120,20199,20200,20279,20280,20359,20360,20439,20440,20519,20520,20599,20600,20679,20680,20759,20760,20839,20840,20919,20920,20999,21000,21079,21080,21159,21160,21239,21240,21319,21320,21399,21400,21479,21480,21559,21560,21639,21640,21719,21720,21799,21800,21879,21880,21959,21960,22039,22040,22119,22120,22199,22200,22279,22280,22359,22360,22439,22440,22519,22520,22599,22600,22679,22680,22759,22760,22839,22840]}