{"Values":[44.855403900146487,44.855403900146487,44.7064208984375,44.7064208984375,44.617271423339847,44.617271423339847,44.54852294921875,44.54852294921875,44.49144744873047,44.49144744873047,44.44224166870117,44.44224166870117,44.398895263671878,44.398895263671878,44.36008071899414,44.36008071899414,44.3250617980957,44.3250617980957,44.293243408203128,44.293243408203128,44.26415252685547,44.26415252685547,44.23745346069336,44.23745346069336,44.21295166015625,44.21295166015625,44.19038772583008,44.19038772583008,44.16960144042969,44.16960144042969,44.15045928955078,44.15045928955078,44.132850646972659,44.132850646972659,44.116695404052737,44.116695404052737,44.10188293457031,44.10188293457031,44.0883674621582,44.0883674621582,44.07605743408203,44.07605743408203,44.06494140625,44.06494140625,44.0549430847168,44.0549430847168,44.04606628417969,44.04606628417969,44.038211822509769,44.038211822509769,44.03141784667969,44.03141784667969,44.0256233215332,44.0256233215332,44.02082824707031,44.02082824707031,44.017005920410159,44.017005920410159,44.01415252685547,44.01415252685547,44.012245178222659,44.012245178222659,44.01129913330078,44.01129913330078,44.01129913330078,44.01129913330078,44.012245178222659,44.012245178222659,44.01415252685547,44.01415252685547,44.017005920410159,44.017005920410159,44.02082824707031,44.02082824707031,44.0256233215332,44.0256233215332,44.03141784667969,44.03141784667969,44.038211822509769,44.038211822509769,44.04606628417969,44.04606628417969,44.0549430847168,44.0549430847168,44.06494140625,44.06494140625,44.07605743408203,44.07605743408203,44.0883674621582,44.0883674621582,44.10188293457031,44.10188293457031,44.116695404052737,44.116695404052737,44.132850646972659,44.132850646972659,44.15045928955078,44.15045928955078,44.16960144042969,44.16960144042969,44.19038772583008,44.19038772583008,44.21295166015625,44.21295166015625,44.23745346069336,44.23745346069336,44.26415252685547,44.26415252685547,44.293243408203128,44.293243408203128,44.3250617980957,44.3250617980957,44.36008071899414,44.36008071899414,44.398895263671878,44.398895263671878,44.44224166870117,44.44224166870117,44.49144744873047,44.49144744873047,44.54852294921875,44.54852294921875,44.617271423339847,44.617271423339847,44.7064208984375,44.7064208984375,44.855403900146487,44.855403900146487],"instances":[17959,17960,18039,18040,18119,18120,18199,18200,18279,18280,18359,18360,18439,18440,18519,18520,18599,18600,18679,18680,18759,18760,18839,18840,18919,18920,18999,19000,19079,19080,19159,19160,19239,19240,19319,19320,19399,19400,19479,19480,19559,19560,19639,19640,19719,19720,19799,19800,19879,19880,19959,19960,20039,20040,20119,20120,20199,20200,20279,20280,20359,20360,20439,20440,20519,20520,20599,20600,20679,20680,20759,20760,20839,20840,20919,20920,20999,21000,21079,21080,21159,21160,21239,21240,21319,21320,21399,21400,21479,21480,21559,21560,21639,21640,21719,21720,21799,21800,21879,21880,21959,21960,22039,22040,22119,22120,22199,22200,22279,22280,22359,22360,22439,22440,22519,22520,22599,22600,22679,22680,22759,22760,22839,22840,22919,22920,22999,23000]}