{"Values":[68.67765808105469,68.67765808105469,68.576171875,68.576171875,68.50630950927735,68.50630950927735,68.45249938964844,68.45249938964844,68.40928649902344,68.40928649902344,68.37393951416016,68.37393951416016,68.34489440917969,68.34489440917969,68.32120513916016,68.32120513916016,68.3022232055664,68.3022232055664,68.28746032714844,68.28746032714844,68.276611328125,68.276611328125,68.26950073242188,68.26950073242188,68.26596069335938,68.26596069335938,68.26596069335938,68.26596069335938,68.26950073242188,68.26950073242188,68.276611328125,68.276611328125,68.28746032714844,68.28746032714844,68.3022232055664,68.3022232055664,68.32120513916016,68.32120513916016,68.34489440917969,68.34489440917969,68.37393951416016,68.37393951416016,68.40928649902344,68.40928649902344,68.45249938964844,68.45249938964844,68.50630950927735,68.50630950927735,68.576171875,68.576171875,68.67765808105469,68.67765808105469],"instances":[19479,19480,19559,19560,19639,19640,19719,19720,19799,19800,19879,19880,19959,19960,20039,20040,20119,20120,20199,20200,20279,20280,20359,20360,20439,20440,20519,20520,20599,20600,20679,20680,20759,20760,20839,20840,20919,20920,20999,21000,21079,21080,21159,21160,21239,21240,21319,21320,21399,21400,21479,21480]}