{"Values":[71.75432586669922,71.75432586669922,71.65316772460938,71.65316772460938,71.58614349365235,71.58614349365235,71.53575134277344,71.53575134277344,71.49634552001953,71.49634552001953,71.46519470214844,71.46519470214844,71.44071197509766,71.44071197509766,71.42198944091797,71.42198944091797,71.40838623046875,71.40838623046875,71.39950561523438,71.39950561523438,71.39509582519531,71.39509582519531,71.39509582519531,71.39509582519531,71.39950561523438,71.39950561523438,71.40838623046875,71.40838623046875,71.42198944091797,71.42198944091797,71.44071197509766,71.44071197509766,71.46519470214844,71.46519470214844,71.49634552001953,71.49634552001953,71.53575134277344,71.53575134277344,71.58614349365235,71.58614349365235,71.65316772460938,71.65316772460938,71.75432586669922,71.75432586669922],"instances":[19639,19640,19719,19720,19799,19800,19879,19880,19959,19960,20039,20040,20119,20120,20199,20200,20279,20280,20359,20360,20439,20440,20519,20520,20599,20600,20679,20680,20759,20760,20839,20840,20919,20920,20999,21000,21079,21080,21159,21160,21239,21240,21319,21320]}