{"Values":[58.587764739990237,58.587764739990237,58.47224044799805,58.47224044799805,58.392581939697269,58.392581939697269,58.32984924316406,58.32984924316406,58.277774810791019,58.277774810791019,58.23341369628906,58.23341369628906,58.19498825073242,58.19498825073242,58.16143798828125,58.16143798828125,58.131988525390628,58.131988525390628,58.10612106323242,58.10612106323242,58.08345031738281,58.08345031738281,58.06366729736328,58.06366729736328,58.0465202331543,58.0465202331543,58.031829833984378,58.031829833984378,58.01947784423828,58.01947784423828,58.00933074951172,58.00933074951172,58.001285552978519,58.001285552978519,57.99531936645508,57.99531936645508,57.99138259887695,57.99138259887695,57.989402770996097,57.989402770996097,57.989402770996097,57.989402770996097,57.99138259887695,57.99138259887695,57.99531936645508,57.99531936645508,58.001285552978519,58.001285552978519,58.00933074951172,58.00933074951172,58.01947784423828,58.01947784423828,58.031829833984378,58.031829833984378,58.0465202331543,58.0465202331543,58.06366729736328,58.06366729736328,58.08345031738281,58.08345031738281,58.10612106323242,58.10612106323242,58.131988525390628,58.131988525390628,58.16143798828125,58.16143798828125,58.19498825073242,58.19498825073242,58.23341369628906,58.23341369628906,58.277774810791019,58.277774810791019,58.32984924316406,58.32984924316406,58.392581939697269,58.392581939697269,58.47224044799805,58.47224044799805,58.587764739990237,58.587764739990237],"instances":[18919,18920,18999,19000,19079,19080,19159,19160,19239,19240,19319,19320,19399,19400,19479,19480,19559,19560,19639,19640,19719,19720,19799,19800,19879,19880,19959,19960,20039,20040,20119,20120,20199,20200,20279,20280,20359,20360,20439,20440,20519,20520,20599,20600,20679,20680,20759,20760,20839,20840,20919,20920,20999,21000,21079,21080,21159,21160,21239,21240,21319,21320,21399,21400,21479,21480,21559,21560,21639,21640,21719,21720,21799,21800,21879,21880,21959,21960,22039,22040]}