{"Values":[68.74638366699219,68.74638366699219,68.64276885986328,68.64276885986328,68.57211303710938,68.57211303710938,68.51783752441406,68.51783752441406,68.47432708740235,68.47432708740235,68.4387435913086,68.4387435913086,68.40956115722656,68.40956115722656,68.38574981689453,68.38574981689453,68.36666870117188,68.36666870117188,68.35184478759766,68.35184478759766,68.3409652709961,68.3409652709961,68.33379364013672,68.33379364013672,68.33027648925781,68.33027648925781,68.33027648925781,68.33027648925781,68.33379364013672,68.33379364013672,68.3409652709961,68.3409652709961,68.35184478759766,68.35184478759766,68.36666870117188,68.36666870117188,68.38574981689453,68.38574981689453,68.40956115722656,68.40956115722656,68.4387435913086,68.4387435913086,68.47432708740235,68.47432708740235,68.51783752441406,68.51783752441406,68.57211303710938,68.57211303710938,68.64276885986328,68.64276885986328,68.74638366699219,68.74638366699219],"instances":[19479,19480,19559,19560,19639,19640,19719,19720,19799,19800,19879,19880,19959,19960,20039,20040,20119,20120,20199,20200,20279,20280,20359,20360,20439,20440,20519,20520,20599,20600,20679,20680,20759,20760,20839,20840,20919,20920,20999,21000,21079,21080,21159,21160,21239,21240,21319,21320,21399,21400,21479,21480]}