{"Values":[76.5036392211914,76.5036392211914,76.36864471435547,76.36864471435547,76.30130767822266,76.30130767822266,76.25580596923828,76.25580596923828,76.22361755371094,76.22361755371094,76.20128631591797,76.20128631591797,76.18714904785156,76.18714904785156,76.18025970458985,76.18025970458985,76.18025970458985,76.18025970458985,76.18714904785156,76.18714904785156,76.20128631591797,76.20128631591797,76.22361755371094,76.22361755371094,76.25580596923828,76.25580596923828,76.30130767822266,76.30130767822266,76.36864471435547,76.36864471435547,76.5036392211914,76.5036392211914],"instances":[19879,19880,19959,19960,20039,20040,20119,20120,20199,20200,20279,20280,20359,20360,20439,20440,20519,20520,20599,20600,20679,20680,20759,20760,20839,20840,20919,20920,20999,21000,21079,21080]}