{"Values":[45.26628875732422,45.26628875732422,45.15757751464844,45.15757751464844,45.08012390136719,45.08012390136719,45.017730712890628,45.017730712890628,44.964820861816409,44.964820861816409,44.918678283691409,44.918678283691409,44.877716064453128,44.877716064453128,44.84088897705078,44.84088897705078,44.80756759643555,44.80756759643555,44.77721405029297,44.77721405029297,44.74943161010742,44.74943161010742,44.72394561767578,44.72394561767578,44.70054626464844,44.70054626464844,44.67902374267578,44.67902374267578,44.65922546386719,44.65922546386719,44.64103317260742,44.64103317260742,44.62433624267578,44.62433624267578,44.609046936035159,44.609046936035159,44.59510803222656,44.59510803222656,44.582427978515628,44.582427978515628,44.57097244262695,44.57097244262695,44.560691833496097,44.560691833496097,44.55152893066406,44.55152893066406,44.543460845947269,44.543460845947269,44.536476135253909,44.536476135253909,44.530517578125,44.530517578125,44.52558135986328,44.52558135986328,44.521636962890628,44.521636962890628,44.51872253417969,44.51872253417969,44.51677322387695,44.51677322387695,44.51578903198242,44.51578903198242,44.51578903198242,44.51578903198242,44.51677322387695,44.51677322387695,44.51872253417969,44.51872253417969,44.521636962890628,44.521636962890628,44.52558135986328,44.52558135986328,44.530517578125,44.530517578125,44.536476135253909,44.536476135253909,44.543460845947269,44.543460845947269,44.55152893066406,44.55152893066406,44.560691833496097,44.560691833496097,44.57097244262695,44.57097244262695,44.582427978515628,44.582427978515628,44.59510803222656,44.59510803222656,44.609046936035159,44.609046936035159,44.62433624267578,44.62433624267578,44.64103317260742,44.64103317260742,44.65922546386719,44.65922546386719,44.67902374267578,44.67902374267578,44.70054626464844,44.70054626464844,44.72394561767578,44.72394561767578,44.74943161010742,44.74943161010742,44.77721405029297,44.77721405029297,44.80756759643555,44.80756759643555,44.84088897705078,44.84088897705078,44.877716064453128,44.877716064453128,44.918678283691409,44.918678283691409,44.964820861816409,44.964820861816409,45.017730712890628,45.017730712890628,45.08012390136719,45.08012390136719,45.15757751464844,45.15757751464844,45.26628875732422,45.26628875732422],"instances":[18039,18040,18119,18120,18199,18200,18279,18280,18359,18360,18439,18440,18519,18520,18599,18600,18679,18680,18759,18760,18839,18840,18919,18920,18999,19000,19079,19080,19159,19160,19239,19240,19319,19320,19399,19400,19479,19480,19559,19560,19639,19640,19719,19720,19799,19800,19879,19880,19959,19960,20039,20040,20119,20120,20199,20200,20279,20280,20359,20360,20439,20440,20519,20520,20599,20600,20679,20680,20759,20760,20839,20840,20919,20920,20999,21000,21079,21080,21159,21160,21239,21240,21319,21320,21399,21400,21479,21480,21559,21560,21639,21640,21719,21720,21799,21800,21879,21880,21959,21960,22039,22040,22119,22120,22199,22200,22279,22280,22359,22360,22439,22440,22519,22520,22599,22600,22679,22680,22759,22760,22839,22840,22919,22920]}