{"Values":[80.08930969238281,80.08930969238281,80.01361083984375,80.01361083984375,79.97928619384766,79.97928619384766,79.96419525146485,79.96419525146485,79.96419525146485,79.96419525146485,79.97928619384766,79.97928619384766,80.01361083984375,80.01361083984375,80.08930969238281,80.08930969238281],"instances":[20199,20200,20279,20280,20359,20360,20439,20440,20519,20520,20599,20600,20679,20680,20759,20760]}