{"Values":[54.242393493652347,54.242393493652347,54.137245178222659,54.137245178222659,54.061153411865237,54.061153411865237,53.99987030029297,53.99987030029297,53.94832229614258,53.94832229614258,53.90380096435547,53.90380096435547,53.86474609375,53.86474609375,53.830169677734378,53.830169677734378,53.79938507080078,53.79938507080078,53.771881103515628,53.771881103515628,53.74729919433594,53.74729919433594,53.72530746459961,53.72530746459961,53.70573806762695,53.70573806762695,53.68836975097656,53.68836975097656,53.67306900024414,53.67306900024414,53.65971374511719,53.65971374511719,53.6482048034668,53.6482048034668,53.63846206665039,53.63846206665039,53.63043212890625,53.63043212890625,53.62405776977539,53.62405776977539,53.619327545166019,53.619327545166019,53.61617660522461,53.61617660522461,53.61460494995117,53.61460494995117,53.61460494995117,53.61460494995117,53.61617660522461,53.61617660522461,53.619327545166019,53.619327545166019,53.62405776977539,53.62405776977539,53.63043212890625,53.63043212890625,53.63846206665039,53.63846206665039,53.6482048034668,53.6482048034668,53.65971374511719,53.65971374511719,53.67306900024414,53.67306900024414,53.68836975097656,53.68836975097656,53.70573806762695,53.70573806762695,53.72530746459961,53.72530746459961,53.74729919433594,53.74729919433594,53.771881103515628,53.771881103515628,53.79938507080078,53.79938507080078,53.830169677734378,53.830169677734378,53.86474609375,53.86474609375,53.90380096435547,53.90380096435547,53.94832229614258,53.94832229614258,53.99987030029297,53.99987030029297,54.061153411865237,54.061153411865237,54.137245178222659,54.137245178222659,54.242393493652347,54.242393493652347],"instances":[18679,18680,18759,18760,18839,18840,18919,18920,18999,19000,19079,19080,19159,19160,19239,19240,19319,19320,19399,19400,19479,19480,19559,19560,19639,19640,19719,19720,19799,19800,19879,19880,19959,19960,20039,20040,20119,20120,20199,20200,20279,20280,20359,20360,20439,20440,20519,20520,20599,20600,20679,20680,20759,20760,20839,20840,20919,20920,20999,21000,21079,21080,21159,21160,21239,21240,21319,21320,21399,21400,21479,21480,21559,21560,21639,21640,21719,21720,21799,21800,21879,21880,21959,21960,22039,22040,22119,22120,22199,22200,22279,22280]}