{"Values":[70.4676513671875,70.4676513671875,70.35791015625,70.35791015625,70.2862777709961,70.2862777709961,70.23241424560547,70.23241424560547,70.18986511230469,70.18986511230469,70.15569305419922,70.15569305419922,70.12820434570313,70.12820434570313,70.10636901855469,70.10636901855469,70.08952331542969,70.08952331542969,70.07723236083985,70.07723236083985,70.06919860839844,70.06919860839844,70.06520080566406,70.06520080566406,70.06520080566406,70.06520080566406,70.06919860839844,70.06919860839844,70.07723236083985,70.07723236083985,70.08952331542969,70.08952331542969,70.10636901855469,70.10636901855469,70.12820434570313,70.12820434570313,70.15569305419922,70.15569305419922,70.18986511230469,70.18986511230469,70.23241424560547,70.23241424560547,70.2862777709961,70.2862777709961,70.35791015625,70.35791015625,70.4676513671875,70.4676513671875],"instances":[19559,19560,19639,19640,19719,19720,19799,19800,19879,19880,19959,19960,20039,20040,20119,20120,20199,20200,20279,20280,20359,20360,20439,20440,20519,20520,20599,20600,20679,20680,20759,20760,20839,20840,20919,20920,20999,21000,21079,21080,21159,21160,21239,21240,21319,21320,21399,21400]}