{"Values":[48.079246520996097,48.079246520996097,47.91400146484375,47.91400146484375,47.82103729248047,47.82103729248047,47.75033187866211,47.75033187866211,47.69198226928711,47.69198226928711,47.641990661621097,47.641990661621097,47.59820556640625,47.59820556640625,47.55923843383789,47.55923843383789,47.52424240112305,47.52424240112305,47.49260711669922,47.49260711669922,47.4638671875,47.4638671875,47.437705993652347,47.437705993652347,47.41382598876953,47.41382598876953,47.39202880859375,47.39202880859375,47.37213897705078,47.37213897705078,47.3540153503418,47.3540153503418,47.337554931640628,47.337554931640628,47.3226432800293,47.3226432800293,47.309207916259769,47.309207916259769,47.29716873168945,47.29716873168945,47.286495208740237,47.286495208740237,47.27710723876953,47.27710723876953,47.268978118896487,47.268978118896487,47.26205825805664,47.26205825805664,47.25634002685547,47.25634002685547,47.251773834228519,47.251773834228519,47.248382568359378,47.248382568359378,47.246124267578128,47.246124267578128,47.244991302490237,47.244991302490237,47.244991302490237,47.244991302490237,47.246124267578128,47.246124267578128,47.248382568359378,47.248382568359378,47.251773834228519,47.251773834228519,47.25634002685547,47.25634002685547,47.26205825805664,47.26205825805664,47.268978118896487,47.268978118896487,47.27710723876953,47.27710723876953,47.286495208740237,47.286495208740237,47.29716873168945,47.29716873168945,47.309207916259769,47.309207916259769,47.3226432800293,47.3226432800293,47.337554931640628,47.337554931640628,47.3540153503418,47.3540153503418,47.37213897705078,47.37213897705078,47.39202880859375,47.39202880859375,47.41382598876953,47.41382598876953,47.437705993652347,47.437705993652347,47.4638671875,47.4638671875,47.49260711669922,47.49260711669922,47.52424240112305,47.52424240112305,47.55923843383789,47.55923843383789,47.59820556640625,47.59820556640625,47.641990661621097,47.641990661621097,47.69198226928711,47.69198226928711,47.75033187866211,47.75033187866211,47.82103729248047,47.82103729248047,47.91400146484375,47.91400146484375,48.079246520996097,48.079246520996097],"instances":[18199,18200,18279,18280,18359,18360,18439,18440,18519,18520,18599,18600,18679,18680,18759,18760,18839,18840,18919,18920,18999,19000,19079,19080,19159,19160,19239,19240,19319,19320,19399,19400,19479,19480,19559,19560,19639,19640,19719,19720,19799,19800,19879,19880,19959,19960,20039,20040,20119,20120,20199,20200,20279,20280,20359,20360,20439,20440,20519,20520,20599,20600,20679,20680,20759,20760,20839,20840,20919,20920,20999,21000,21079,21080,21159,21160,21239,21240,21319,21320,21399,21400,21479,21480,21559,21560,21639,21640,21719,21720,21799,21800,21879,21880,21959,21960,22039,22040,22119,22120,22199,22200,22279,22280,22359,22360,22439,22440,22519,22520,22599,22600,22679,22680,22759,22760]}