{"Values":[57.53137969970703,57.53137969970703,57.40038299560547,57.40038299560547,57.31529235839844,57.31529235839844,57.24930953979492,57.24930953979492,57.19491958618164,57.19491958618164,57.14865493774414,57.14865493774414,57.108577728271487,57.108577728271487,57.07350158691406,57.07350158691406,57.04264450073242,57.04264450073242,57.015403747558597,57.015403747558597,56.99138259887695,56.99138259887695,56.97022247314453,56.97022247314453,56.95170593261719,56.95170593261719,56.93561935424805,56.93561935424805,56.92184066772461,56.92184066772461,56.91021728515625,56.91021728515625,56.900665283203128,56.900665283203128,56.89308547973633,56.89308547973633,56.88745880126953,56.88745880126953,56.88373947143555,56.88373947143555,56.88187789916992,56.88187789916992,56.88187789916992,56.88187789916992,56.88373947143555,56.88373947143555,56.88745880126953,56.88745880126953,56.89308547973633,56.89308547973633,56.900665283203128,56.900665283203128,56.91021728515625,56.91021728515625,56.92184066772461,56.92184066772461,56.93561935424805,56.93561935424805,56.95170593261719,56.95170593261719,56.97022247314453,56.97022247314453,56.99138259887695,56.99138259887695,57.015403747558597,57.015403747558597,57.04264450073242,57.04264450073242,57.07350158691406,57.07350158691406,57.108577728271487,57.108577728271487,57.14865493774414,57.14865493774414,57.19491958618164,57.19491958618164,57.24930953979492,57.24930953979492,57.31529235839844,57.31529235839844,57.40038299560547,57.40038299560547,57.53137969970703,57.53137969970703],"instances":[18839,18840,18919,18920,18999,19000,19079,19080,19159,19160,19239,19240,19319,19320,19399,19400,19479,19480,19559,19560,19639,19640,19719,19720,19799,19800,19879,19880,19959,19960,20039,20040,20119,20120,20199,20200,20279,20280,20359,20360,20439,20440,20519,20520,20599,20600,20679,20680,20759,20760,20839,20840,20919,20920,20999,21000,21079,21080,21159,21160,21239,21240,21319,21320,21399,21400,21479,21480,21559,21560,21639,21640,21719,21720,21799,21800,21879,21880,21959,21960,22039,22040,22119,22120]}