{"Values":[73.29745483398438,73.29745483398438,73.19479370117188,73.19479370117188,73.1288833618164,73.1288833618164,73.0804443359375,73.0804443359375,73.04336547851563,73.04336547851563,73.01475524902344,73.01475524902344,72.99312591552735,72.99312591552735,72.97756958007813,72.97756958007813,72.96748352050781,72.96748352050781,72.96248626708985,72.96248626708985,72.96248626708985,72.96248626708985,72.96748352050781,72.96748352050781,72.97756958007813,72.97756958007813,72.99312591552735,72.99312591552735,73.01475524902344,73.01475524902344,73.04336547851563,73.04336547851563,73.0804443359375,73.0804443359375,73.1288833618164,73.1288833618164,73.19479370117188,73.19479370117188,73.29745483398438,73.29745483398438],"instances":[19719,19720,19799,19800,19879,19880,19959,19960,20039,20040,20119,20120,20199,20200,20279,20280,20359,20360,20439,20440,20519,20520,20599,20600,20679,20680,20759,20760,20839,20840,20919,20920,20999,21000,21079,21080,21159,21160,21239,21240]}