{"Values":[50.615665435791019,50.615665435791019,50.50852966308594,50.50852966308594,50.43135452270508,50.43135452270508,50.369266510009769,50.369266510009769,50.31676483154297,50.31676483154297,50.271217346191409,50.271217346191409,50.23106002807617,50.23106002807617,50.19523239135742,50.19523239135742,50.163063049316409,50.163063049316409,50.13407897949219,50.13407897949219,50.10784149169922,50.10784149169922,50.08409881591797,50.08409881591797,50.06260299682617,50.06260299682617,50.04317855834961,50.04317855834961,50.025638580322269,50.025638580322269,50.009925842285159,50.009925842285159,49.99588394165039,49.99588394165039,49.98345184326172,49.98345184326172,49.97256088256836,49.97256088256836,49.9631462097168,49.9631462097168,49.95515823364258,49.95515823364258,49.94854736328125,49.94854736328125,49.943294525146487,49.943294525146487,49.93938446044922,49.93938446044922,49.93678283691406,49.93678283691406,49.93547821044922,49.93547821044922,49.93547821044922,49.93547821044922,49.93678283691406,49.93678283691406,49.93938446044922,49.93938446044922,49.943294525146487,49.943294525146487,49.94854736328125,49.94854736328125,49.95515823364258,49.95515823364258,49.9631462097168,49.9631462097168,49.97256088256836,49.97256088256836,49.98345184326172,49.98345184326172,49.99588394165039,49.99588394165039,50.009925842285159,50.009925842285159,50.025638580322269,50.025638580322269,50.04317855834961,50.04317855834961,50.06260299682617,50.06260299682617,50.08409881591797,50.08409881591797,50.10784149169922,50.10784149169922,50.13407897949219,50.13407897949219,50.163063049316409,50.163063049316409,50.19523239135742,50.19523239135742,50.23106002807617,50.23106002807617,50.271217346191409,50.271217346191409,50.31676483154297,50.31676483154297,50.369266510009769,50.369266510009769,50.43135452270508,50.43135452270508,50.50852966308594,50.50852966308594,50.615665435791019,50.615665435791019],"instances":[18439,18440,18519,18520,18599,18600,18679,18680,18759,18760,18839,18840,18919,18920,18999,19000,19079,19080,19159,19160,19239,19240,19319,19320,19399,19400,19479,19480,19559,19560,19639,19640,19719,19720,19799,19800,19879,19880,19959,19960,20039,20040,20119,20120,20199,20200,20279,20280,20359,20360,20439,20440,20519,20520,20599,20600,20679,20680,20759,20760,20839,20840,20919,20920,20999,21000,21079,21080,21159,21160,21239,21240,21319,21320,21399,21400,21479,21480,21559,21560,21639,21640,21719,21720,21799,21800,21879,21880,21959,21960,22039,22040,22119,22120,22199,22200,22279,22280,22359,22360,22439,22440,22519,22520]}