{"Values":[6.408683776855469,7.521278381347656,9.855280876159668,12.507749557495118,12.507749557495118,9.855280876159668,7.521278381347656,6.408683776855469,6.3354291915893559,7.435307502746582,9.742630958557129,12.364779472351075,12.364779472351075,9.742630958557129,7.435307502746582,6.3354291915893559,6.31132173538208,7.4070143699646,9.705557823181153,12.317728996276856,12.317728996276856,9.705557823181153,7.4070143699646,6.31132173538208,6.3354291915893559,7.435307502746582,9.742630958557129,12.364779472351075,12.364779472351075,9.742630958557129,7.435307502746582,6.3354291915893559,6.408683776855469,7.5212788581848148,9.855280876159668,12.507749557495118,12.507749557495118,9.855280876159668,7.5212788581848148,6.408683776855469],"instances":[0,1,2,4,5,7,8,9,10,11,12,14,15,17,18,19,20,21,22,24,25,27,28,29,30,31,32,34,35,37,38,39,40,41,42,44,45,47,48,49]}