{"Values":[12.507749557495118,12.469463348388672,12.435592651367188,12.406082153320313,12.380880355834961,12.359944343566895,12.343236923217774,12.330734252929688,12.322407722473145,12.31824779510498,12.31824779510498,12.322408676147461,12.330734252929688,12.343236923217774,12.359944343566895,12.380880355834961,12.406082153320313,12.435592651367188,12.469463348388672,12.507749557495118,12.507749557495118,12.469463348388672,12.435592651367188,12.406082153320313,12.380880355834961,12.359944343566895,12.343236923217774,12.330734252929688,12.322407722473145,12.31824779510498,12.31824779510498,12.322408676147461,12.330734252929688,12.343236923217774,12.359944343566895,12.380880355834961,12.406082153320313,12.435592651367188,12.469463348388672,12.507749557495118],"instances":[80,81,82,83,84,85,86,87,88,89,90,91,92,93,94,95,96,97,98,99,100,101,102,103,104,105,106,107,108,109,110,111,112,113,114,115,116,117,118,119]}