{"Values":[71.69214630126953,71.69214630126953,9.412237167358399,9.295230865478516,9.058060646057129,9.537723541259766,10.4003267288208,10.17386531829834,8.3610258102417,10.480740547180176],"instances":[4,5,14,15,16,17,24,25,26,27]}