{"Values":[9.412237167358399,9.295230865478516,9.058060646057129,9.537723541259766],"instances":[4,5,6,7]}