{"Values":[6.408683776855469,7.521278381347656,9.855280876159668,12.507749557495118,12.507749557495118,9.855280876159668,7.521278381347656,6.408683776855469,6.408683776855469,7.5212788581848148,9.855280876159668,12.507749557495118,12.507749557495118,9.855280876159668,7.5212788581848148,6.408683776855469],"instances":[0,1,2,4,5,7,8,9,10,11,12,14,15,17,18,19]}