{"Values":[71.69214630126953,71.69214630126953,70.71012878417969,70.71012878417969,69.9882583618164,69.9882583618164,69.5138168334961,69.5138168334961,9.5845365524292,9.512120246887207,9.174140930175782,9.09913444519043,9.267389297485352,9.420202255249024,9.251935958862305,9.036931991577149,9.432297706604004,9.085159301757813,8.954535484313965,8.758939743041993,8.930553436279297,9.444159507751465,8.639848709106446,8.254359245300293,8.270820617675782,8.322522163391114,8.435808181762696,8.710017204284668,8.636119842529297,8.199760437011719,8.6973876953125,8.947795867919922,10.4003267288208,10.17386531829834,8.3610258102417,10.480740547180176],"instances":[4,5,14,15,24,25,34,35,36,44,45,46,47,54,55,56,57,64,65,66,67,68,74,75,76,77,78,84,85,86,87,88,94,95,96,97]}