{"Values":[53.23686599731445,53.23686599731445,53.23686218261719,53.23686599731445,66.22806549072266,66.22806549072266,66.22805786132813,66.22805786132813,74.80554962158203,74.80555725097656,71.1676254272461,71.1676254272461,69.45816040039063,69.45816040039063,9.467822074890137,9.135634422302246,9.00058650970459,8.80183219909668,8.933985710144043,9.487911224365235,9.446507453918457,9.490032196044922,8.197996139526368,9.540693283081055,74.8055648803711,74.80555725097656,66.22805786132813,66.22805786132813,66.22806549072266,66.22806549072266,53.23686599731445,53.23686218261719,53.23686599731445,53.23686599731445],"instances":[3,4,5,6,13,14,15,16,24,25,34,35,44,45,46,54,55,56,57,58,64,65,66,67,74,75,83,84,85,86,93,94,95,96]}