{"Values":[24.881338119506837,24.881338119506837,24.81631088256836,24.81631088256836,24.77108383178711,24.77108383178711,24.734846115112306,24.734846115112306,24.704204559326173,24.704204559326173,24.67751693725586,24.67751693725586,24.65378189086914,24.65378189086914,24.63247299194336,24.63247299194336,24.613121032714845,24.613121032714845,24.59543228149414,24.59543228149414,24.5792293548584,24.5792293548584,24.564327239990236,24.564327239990236,24.550579071044923,24.550579071044923,24.537879943847658,24.537879943847658,24.52613067626953,24.52613067626953,24.515289306640626,24.515289306640626,24.50530242919922,24.50530242919922,24.49604034423828,24.49604034423828,24.487560272216798,24.487560272216798,24.479747772216798,24.479747772216798,24.47262191772461,24.47262191772461,24.46612548828125,24.46612548828125,24.460237503051759,24.460237503051759,24.45494270324707,24.45494270324707,24.450227737426759,24.450227737426759,24.44607162475586,24.44607162475586,24.44247055053711,24.44247055053711,24.439388275146486,24.439388275146486,24.436840057373048,24.436840057373048,24.434804916381837,24.434804916381837,24.433300018310548,24.433300018310548,24.432296752929689,24.432296752929689,24.431781768798829,24.431781768798829,24.431781768798829,24.431781768798829,24.432296752929689,24.432296752929689,24.433300018310548,24.433300018310548,24.434804916381837,24.434804916381837,24.436840057373048,24.436840057373048,24.439388275146486,24.439388275146486,24.44247055053711,24.44247055053711,24.44607162475586,24.44607162475586,24.450227737426759,24.450227737426759,24.45494270324707,24.45494270324707,24.460237503051759,24.460237503051759,24.46612548828125,24.46612548828125,24.47262191772461,24.47262191772461,24.479747772216798,24.479747772216798,24.487560272216798,24.487560272216798,24.49604034423828,24.49604034423828,24.50530242919922,24.50530242919922,24.515289306640626,24.515289306640626,24.52613067626953,24.52613067626953,24.537879943847658,24.537879943847658,24.550579071044923,24.550579071044923,24.564327239990236,24.564327239990236,24.5792293548584,24.5792293548584,24.59543228149414,24.59543228149414,24.613121032714845,24.613121032714845,24.63247299194336,24.63247299194336,24.65378189086914,24.65378189086914,24.67751693725586,24.67751693725586,24.704204559326173,24.704204559326173,24.734846115112306,24.734846115112306,24.77108383178711,24.77108383178711,24.81631088256836,24.81631088256836,24.881338119506837,24.881338119506837],"instances":[17879,17880,17959,17960,18039,18040,18119,18120,18199,18200,18279,18280,18359,18360,18439,18440,18519,18520,18599,18600,18679,18680,18759,18760,18839,18840,18919,18920,18999,19000,19079,19080,19159,19160,19239,19240,19319,19320,19399,19400,19479,19480,19559,19560,19639,19640,19719,19720,19799,19800,19879,19880,19959,19960,20039,20040,20119,20120,20199,20200,20279,20280,20359,20360,20439,20440,20519,20520,20599,20600,20679,20680,20759,20760,20839,20840,20919,20920,20999,21000,21079,21080,21159,21160,21239,21240,21319,21320,21399,21400,21479,21480,21559,21560,21639,21640,21719,21720,21799,21800,21879,21880,21959,21960,22039,22040,22119,22120,22199,22200,22279,22280,22359,22360,22439,22440,22519,22520,22599,22600,22679,22680,22759,22760,22839,22840,22919,22920,22999,23000,23079,23080]}