{"Values":[24.900127410888673,24.840415954589845,24.796764373779298,24.998027801513673,24.761199951171876,24.892120361328126,24.730892181396486,24.839351654052736,24.704248428344728,24.799640655517579,24.680484771728517,24.76696014404297,24.659076690673829,24.738929748535158,24.639575958251954,24.714324951171876,24.621715545654298,24.692432403564454,24.605297088623048,24.672645568847658,24.59014129638672,24.654706954956056,24.576128005981447,24.638347625732423,24.563173294067384,24.623340606689454,24.55113983154297,24.609546661376954,24.540023803710939,24.596847534179689,24.52971076965332,24.585182189941408,24.520166397094728,24.57444953918457,24.5113525390625,24.5645809173584,24.50322723388672,24.55551528930664,24.495763778686525,24.547199249267579,24.488914489746095,24.53961753845215,24.482681274414064,24.532718658447267,24.477027893066408,24.5264949798584,24.47193145751953,24.520885467529298,24.467411041259767,24.515892028808595,24.463403701782228,24.51152992248535,24.459918975830079,24.507713317871095,24.456951141357423,24.504459381103517,24.45450210571289,24.501789093017579,24.45254898071289,24.4996337890625,24.451072692871095,24.498043060302736,24.45009994506836,24.496984481811525,24.44961929321289,24.496448516845704,24.44961929321289,24.496448516845704,24.45009994506836,24.496984481811525,24.451072692871095,24.498043060302736,24.45254898071289,24.4996337890625,24.45450210571289,24.501789093017579,24.456951141357423,24.504459381103517,24.459918975830079,24.507713317871095,24.463403701782228,24.51152992248535,24.467411041259767,24.515892028808595,24.47193145751953,24.520885467529298,24.477027893066408,24.5264949798584,24.482681274414064,24.532718658447267,24.488914489746095,24.53961753845215,24.495763778686525,24.547199249267579,24.50322723388672,24.55551528930664,24.5113525390625,24.5645809173584,24.520166397094728,24.57444953918457,24.52971076965332,24.585182189941408,24.540023803710939,24.596847534179689,24.55113983154297,24.609546661376954,24.563173294067384,24.623340606689454,24.576128005981447,24.638347625732423,24.59014129638672,24.654706954956056,24.605297088623048,24.672645568847658,24.621715545654298,24.692432403564454,24.639575958251954,24.714324951171876,24.659076690673829,24.738929748535158,24.680484771728517,24.76696014404297,24.704248428344728,24.799640655517579,24.730892181396486,24.839351654052736,24.761199951171876,24.892120361328126,24.796764373779298,24.998027801513673,24.840415954589845,24.900127410888673],"instances":[17801,17881,17961,17962,18041,18042,18121,18122,18201,18202,18281,18282,18361,18362,18441,18442,18521,18522,18601,18602,18681,18682,18761,18762,18841,18842,18921,18922,19001,19002,19081,19082,19161,19162,19241,19242,19321,19322,19401,19402,19481,19482,19561,19562,19641,19642,19721,19722,19801,19802,19881,19882,19961,19962,20041,20042,20121,20122,20201,20202,20281,20282,20361,20362,20441,20442,20521,20522,20601,20602,20681,20682,20761,20762,20841,20842,20921,20922,21001,21002,21081,21082,21161,21162,21241,21242,21321,21322,21401,21402,21481,21482,21561,21562,21641,21642,21721,21722,21801,21802,21881,21882,21961,21962,22041,22042,22121,22122,22201,22202,22281,22282,22361,22362,22441,22442,22521,22522,22601,22602,22681,22682,22761,22762,22841,22842,22921,22922,23001,23002,23081,23161]}