{"Values":[24.99190902709961,24.86867904663086,24.809486389160158,24.764890670776368,24.728078842163087,24.69637680053711,24.66838836669922,24.643264770507814,24.620437622070314,24.59960174560547,24.58037757873535,24.562625885009767,24.546142578125,24.53081703186035,24.51651954650879,24.50319480895996,24.49074935913086,24.47909927368164,24.46824836730957,24.45807647705078,24.448619842529298,24.439807891845704,24.960628509521486,24.431591033935548,24.90409278869629,24.42397117614746,24.869277954101564,24.416927337646486,24.842853546142579,24.410415649414064,24.821239471435548,24.404441833496095,24.80318832397461,24.398963928222658,24.78778076171875,24.39400863647461,24.77452850341797,24.3895263671875,24.763042449951173,24.385534286499025,24.75313949584961,24.381999969482423,24.744686126708986,24.378917694091798,24.737464904785158,24.37628936767578,24.731395721435548,24.37411117553711,24.72648811340332,24.37238311767578,24.722610473632814,24.371070861816408,24.71969985961914,24.370210647583009,24.717811584472658,24.369775772094728,24.716854095458986,24.369775772094728,24.716854095458986,24.370210647583009,24.717811584472658,24.371070861816408,24.71969985961914,24.37238311767578,24.722610473632814,24.37411117553711,24.72648811340332,24.37628936767578,24.731395721435548,24.378917694091798,24.737464904785158,24.381999969482423,24.744686126708986,24.385534286499025,24.75313949584961,24.3895263671875,24.763042449951173,24.39400863647461,24.77452850341797,24.398963928222658,24.78778076171875,24.404441833496095,24.80318832397461,24.410415649414064,24.821239471435548,24.416927337646486,24.842853546142579,24.42397117614746,24.869277954101564,24.431591033935548,24.90409278869629,24.439807891845704,24.960628509521486,24.448619842529298,24.45807647705078,24.46824836730957,24.47909927368164,24.49074935913086,24.50319480895996,24.51651954650879,24.53081703186035,24.546142578125,24.562625885009767,24.58037757873535,24.59960174560547,24.620437622070314,24.643264770507814,24.66838836669922,24.69637680053711,24.728078842163087,24.764890670776368,24.809486389160158,24.86867904663086,24.99190902709961],"instances":[17401,17481,17561,17641,17721,17801,17881,17961,18041,18121,18201,18281,18361,18441,18521,18601,18681,18761,18841,18921,19001,19081,19082,19161,19162,19241,19242,19321,19322,19401,19402,19481,19482,19561,19562,19641,19642,19721,19722,19801,19802,19881,19882,19961,19962,20041,20042,20121,20122,20201,20202,20281,20282,20361,20362,20441,20442,20521,20522,20601,20602,20681,20682,20761,20762,20841,20842,20921,20922,21001,21002,21081,21082,21161,21162,21241,21242,21321,21322,21401,21402,21481,21482,21561,21562,21641,21642,21721,21722,21801,21802,21881,21882,21961,22041,22121,22201,22281,22361,22441,22521,22601,22681,22761,22841,22921,23001,23081,23161,23241,23321,23401,23481,23561]}