{"Values":[25.126544952392579,25.03769302368164,24.982852935791017,24.940139770507814,24.904430389404298,24.873435974121095,24.845905303955079,24.821107864379884,24.798593521118165,24.777908325195314,24.758834838867189,24.74120330810547,24.72481918334961,24.709556579589845,24.695327758789064,24.682037353515626,24.669635772705079,24.65802764892578,24.647180557250978,24.637046813964845,24.627586364746095,24.6187744140625,24.610578536987306,24.60296630859375,24.59591293334961,24.58941078186035,24.58343505859375,24.577980041503908,24.573007583618165,24.568540573120118,24.564529418945314,24.560989379882814,24.557907104492189,24.555294036865236,24.55310821533203,24.55136489868164,24.550064086914064,24.54920196533203,24.548763275146486,24.548763275146486,24.54920196533203,24.550064086914064,24.55136489868164,24.55310821533203,24.555294036865236,24.557907104492189,24.560989379882814,24.564529418945314,24.568540573120118,24.573007583618165,24.577980041503908,24.58343505859375,24.58941078186035,24.59591293334961,24.60296630859375,24.610578536987306,24.6187744140625,24.627586364746095,24.637046813964845,24.647180557250978,24.65802764892578,24.669635772705079,24.682037353515626,24.695327758789064,24.709556579589845,24.72481918334961,24.74120330810547,24.758834838867189,24.777908325195314,24.798593521118165,24.821107864379884,24.845905303955079,24.873435974121095,24.904430389404298,24.940139770507814,24.982852935791017,25.03769302368164,25.126544952392579],"instances":[17404,17484,17564,17644,17724,17804,17884,17964,18044,18124,18204,18284,18364,18444,18524,18604,18684,18764,18844,18924,19004,19084,19164,19244,19324,19404,19484,19564,19644,19724,19804,19884,19964,20044,20124,20204,20284,20364,20444,20524,20604,20684,20764,20844,20924,21004,21084,21164,21244,21324,21404,21484,21564,21644,21724,21804,21884,21964,22044,22124,22204,22284,22364,22444,22524,22604,22684,22764,22844,22924,23004,23084,23164,23244,23324,23404,23484,23564]}