{"Values":[25.00420379638672,24.924793243408204,24.873291015625,24.832847595214845,24.798873901367189,24.76934814453125,24.743125915527345,24.719497680664064,24.698026657104493,24.678363800048829,24.660268783569337,25.0120849609375,24.64353370666504,24.94921875,24.62801742553711,24.907670974731447,24.61361312866211,24.875150680541993,24.600204467773439,24.84804344177246,24.58772850036621,24.824687957763673,24.576095581054689,24.804195404052736,24.565275192260743,24.78599739074707,24.555191040039064,24.769710540771486,24.54583740234375,24.755056381225587,24.537105560302736,24.74185562133789,24.5290470123291,24.729907989501954,24.5216007232666,24.719066619873048,24.514720916748048,24.709304809570314,24.508419036865236,24.700504302978517,24.502662658691408,24.692626953125,24.49742889404297,24.685575485229493,24.492721557617189,24.67934799194336,24.48851203918457,24.67391014099121,24.484790802001954,24.669174194335939,24.481555938720704,24.665159225463868,24.478790283203126,24.66189193725586,24.476520538330079,24.659252166748048,24.47469139099121,24.65728759765625,24.473329544067384,24.655988693237306,24.472423553466798,24.65532875061035,24.471969604492189,24.65532875061035,24.471969604492189,24.655988693237306,24.472423553466798,24.65728759765625,24.473329544067384,24.659252166748048,24.47469139099121,24.66189193725586,24.476520538330079,24.665159225463868,24.478790283203126,24.669174194335939,24.481555938720704,24.67391014099121,24.484790802001954,24.67934799194336,24.48851203918457,24.685575485229493,24.492721557617189,24.692626953125,24.49742889404297,24.700504302978517,24.502662658691408,24.709304809570314,24.508419036865236,24.719066619873048,24.514720916748048,24.729907989501954,24.5216007232666,24.74185562133789,24.5290470123291,24.755056381225587,24.537105560302736,24.769710540771486,24.54583740234375,24.78599739074707,24.555191040039064,24.804195404052736,24.565275192260743,24.824687957763673,24.576095581054689,24.84804344177246,24.58772850036621,24.875150680541993,24.600204467773439,24.907670974731447,24.61361312866211,24.94921875,24.62801742553711,25.0120849609375,24.64353370666504,24.660268783569337,24.678363800048829,24.698026657104493,24.719497680664064,24.743125915527345,24.76934814453125,24.798873901367189,24.832847595214845,24.873291015625,24.924793243408204,25.00420379638672],"instances":[17563,17643,17723,17803,17883,17963,18043,18123,18203,18283,18363,18442,18443,18522,18523,18602,18603,18682,18683,18762,18763,18842,18843,18922,18923,19002,19003,19082,19083,19162,19163,19242,19243,19322,19323,19402,19403,19482,19483,19562,19563,19642,19643,19722,19723,19802,19803,19882,19883,19962,19963,20042,20043,20122,20123,20202,20203,20282,20283,20362,20363,20442,20443,20522,20523,20602,20603,20682,20683,20762,20763,20842,20843,20922,20923,21002,21003,21082,21083,21162,21163,21242,21243,21322,21323,21402,21403,21482,21483,21562,21563,21642,21643,21722,21723,21802,21803,21882,21883,21962,21963,22042,22043,22122,22123,22202,22203,22282,22283,22362,22363,22442,22443,22522,22523,22603,22683,22763,22843,22923,23003,23083,23163,23243,23323,23403]}