{"Values":[25.12388038635254,25.053386688232423,25.004863739013673,24.966129302978517,24.93331527709961,24.904739379882814,24.879249572753908,24.856281280517579,24.835376739501954,24.81624984741211,25.119693756103517,24.798625946044923,25.0657901763916,24.782339096069337,25.0268497467041,24.767269134521486,24.995338439941408,24.753292083740236,24.968730926513673,24.740276336669923,24.945560455322267,24.728160858154298,24.92513084411621,24.716909408569337,24.906845092773439,24.70645523071289,24.890411376953126,24.696744918823243,24.87551498413086,24.687725067138673,24.86199188232422,24.679393768310548,24.849750518798829,24.671676635742189,24.83859634399414,24.664588928222658,24.828481674194337,24.658063888549806,24.819316864013673,24.652137756347658,24.811031341552736,24.646743774414064,24.803573608398439,24.641904830932618,24.796924591064454,24.637561798095704,24.791000366210939,24.63372802734375,24.78583335876465,24.630403518676759,24.78133773803711,24.627561569213868,24.77753448486328,24.62520980834961,24.774383544921876,24.62332534790039,24.77188491821289,24.621929168701173,24.769996643066408,24.62099838256836,24.768766403198243,24.620529174804689,24.768146514892579,24.620529174804689,24.768146514892579,24.62099838256836,24.768766403198243,24.621929168701173,24.769996643066408,24.62332534790039,24.77188491821289,24.62520980834961,24.774383544921876,24.627561569213868,24.77753448486328,24.630403518676759,24.78133773803711,24.63372802734375,24.78583335876465,24.637561798095704,24.791000366210939,24.641904830932618,24.796924591064454,24.646743774414064,24.803573608398439,24.652137756347658,24.811031341552736,24.658063888549806,24.819316864013673,24.664588928222658,24.828481674194337,24.671676635742189,24.83859634399414,24.679393768310548,24.849750518798829,24.687725067138673,24.86199188232422,24.696744918823243,24.87551498413086,24.70645523071289,24.890411376953126,24.716909408569337,24.906845092773439,24.728160858154298,24.92513084411621,24.740276336669923,24.945560455322267,24.753292083740236,24.968730926513673,24.767269134521486,24.995338439941408,24.782339096069337,25.0268497467041,24.798625946044923,25.0657901763916,24.81624984741211,25.119693756103517,24.835376739501954,24.856281280517579,24.879249572753908,24.904739379882814,24.93331527709961,24.966129302978517,25.004863739013673,25.053386688232423,25.12388038635254],"instances":[17644,17724,17804,17884,17964,18044,18124,18204,18284,18364,18365,18444,18445,18524,18525,18604,18605,18684,18685,18764,18765,18844,18845,18924,18925,19004,19005,19084,19085,19164,19165,19244,19245,19324,19325,19404,19405,19484,19485,19564,19565,19644,19645,19724,19725,19804,19805,19884,19885,19964,19965,20044,20045,20124,20125,20204,20205,20284,20285,20364,20365,20444,20445,20524,20525,20604,20605,20684,20685,20764,20765,20844,20845,20924,20925,21004,21005,21084,21085,21164,21165,21244,21245,21324,21325,21404,21405,21484,21485,21564,21565,21644,21645,21724,21725,21804,21805,21884,21885,21964,21965,22044,22045,22124,22125,22204,22205,22284,22285,22364,22365,22444,22445,22524,22525,22604,22605,22684,22764,22844,22924,23004,23084,23164,23244,23324]}