{"Values":[25.137863159179689,25.003673553466798,24.94610595703125,24.902984619140626,24.867517471313478,24.83707046508789,24.810222625732423,24.78622055053711,25.043983459472658,24.76450538635254,24.982818603515626,24.74468994140625,24.940370559692384,24.726516723632814,24.906593322753908,24.709739685058595,24.878089904785158,24.694263458251954,24.853347778320314,24.679931640625,24.83151626586914,24.666608810424806,24.81197166442871,24.654260635375978,24.794321060180665,24.64278221130371,24.778329849243165,24.632099151611329,24.76374626159668,24.62222671508789,24.750463485717775,24.613025665283204,24.738304138183595,24.60454750061035,24.72721290588379,24.59672737121582,24.71704864501953,24.58950424194336,24.70781707763672,24.582895278930665,24.69938087463379,24.57686996459961,24.691757202148439,24.571392059326173,24.684890747070314,24.566463470458986,24.678728103637697,24.562068939208986,24.673236846923829,24.558185577392579,24.66843032836914,24.554805755615236,24.664249420166017,24.551944732666017,24.660717010498048,24.549560546875,24.65776824951172,24.547649383544923,24.655437469482423,24.546220779418947,24.653684616088868,24.5452880859375,24.652549743652345,24.544803619384767,24.651948928833009,24.544803619384767,24.651948928833009,24.5452880859375,24.652549743652345,24.546220779418947,24.653684616088868,24.547649383544923,24.655437469482423,24.549560546875,24.65776824951172,24.551944732666017,24.660717010498048,24.554805755615236,24.664249420166017,24.558185577392579,24.66843032836914,24.562068939208986,24.673236846923829,24.566463470458986,24.678728103637697,24.571392059326173,24.684890747070314,24.57686996459961,24.691757202148439,24.582895278930665,24.69938087463379,24.58950424194336,24.70781707763672,24.59672737121582,24.71704864501953,24.60454750061035,24.72721290588379,24.613025665283204,24.738304138183595,24.62222671508789,24.750463485717775,24.632099151611329,24.76374626159668,24.64278221130371,24.778329849243165,24.654260635375978,24.794321060180665,24.666608810424806,24.81197166442871,24.679931640625,24.83151626586914,24.694263458251954,24.853347778320314,24.709739685058595,24.878089904785158,24.726516723632814,24.906593322753908,24.74468994140625,24.940370559692384,24.76450538635254,24.982818603515626,24.78622055053711,25.043983459472658,24.810222625732423,24.83707046508789,24.867517471313478,24.902984619140626,24.94610595703125,25.003673553466798,25.137863159179689],"instances":[17643,17723,17803,17883,17963,18043,18123,18203,18204,18283,18284,18363,18364,18443,18444,18523,18524,18603,18604,18683,18684,18763,18764,18843,18844,18923,18924,19003,19004,19083,19084,19163,19164,19243,19244,19323,19324,19403,19404,19483,19484,19563,19564,19643,19644,19723,19724,19803,19804,19883,19884,19963,19964,20043,20044,20123,20124,20203,20204,20283,20284,20363,20364,20443,20444,20523,20524,20603,20604,20683,20684,20763,20764,20843,20844,20923,20924,21003,21004,21083,21084,21163,21164,21243,21244,21323,21324,21403,21404,21483,21484,21563,21564,21643,21644,21723,21724,21803,21804,21883,21884,21963,21964,22043,22044,22123,22124,22203,22204,22283,22284,22363,22364,22443,22444,22523,22524,22603,22604,22683,22684,22763,22764,22843,22923,23003,23083,23163,23243,23323]}