{"Values":[25.135072708129884,25.072237014770509,25.026872634887697,24.990062713623048,24.958663940429689,24.931137084960939,25.17947769165039,24.906558990478517,25.10977554321289,24.8844051361084,25.06463623046875,24.86419677734375,25.029300689697267,24.845714569091798,24.99985122680664,24.828685760498048,24.97439193725586,24.812929153442384,24.952007293701173,24.798372268676759,24.93197250366211,24.784866333007814,24.913990020751954,24.772348403930665,24.897663116455079,24.760692596435548,24.882841110229493,24.74991798400879,24.86932373046875,24.739871978759767,24.856958389282228,24.7305850982666,24.84569549560547,24.72199249267578,24.835384368896486,24.71405792236328,24.826019287109376,24.706777572631837,24.81745719909668,24.70008087158203,24.809715270996095,24.693981170654298,24.802753448486329,24.68844985961914,24.796504974365236,24.683483123779298,24.79096031188965,24.679027557373048,24.786090850830079,24.67509651184082,24.781848907470704,24.67169952392578,24.778282165527345,24.668804168701173,24.77529525756836,24.666366577148439,24.772918701171876,24.664453506469728,24.77115821838379,24.663009643554689,24.769989013671876,24.662059783935548,24.76940155029297,24.661579132080079,24.76940155029297,24.661579132080079,24.769989013671876,24.662059783935548,24.77115821838379,24.663009643554689,24.772918701171876,24.664453506469728,24.77529525756836,24.666366577148439,24.778282165527345,24.668804168701173,24.781848907470704,24.67169952392578,24.786090850830079,24.67509651184082,24.79096031188965,24.679027557373048,24.796504974365236,24.683483123779298,24.802753448486329,24.68844985961914,24.809715270996095,24.693981170654298,24.81745719909668,24.70008087158203,24.826019287109376,24.706777572631837,24.835384368896486,24.71405792236328,24.84569549560547,24.72199249267578,24.856958389282228,24.7305850982666,24.86932373046875,24.739871978759767,24.882841110229493,24.74991798400879,24.897663116455079,24.760692596435548,24.913990020751954,24.772348403930665,24.93197250366211,24.784866333007814,24.952007293701173,24.798372268676759,24.97439193725586,24.812929153442384,24.99985122680664,24.828685760498048,25.029300689697267,24.845714569091798,25.06463623046875,24.86419677734375,25.10977554321289,24.8844051361084,25.17947769165039,24.906558990478517,24.931137084960939,24.958663940429689,24.990062713623048,25.026872634887697,25.072237014770509,25.135072708129884],"instances":[17725,17805,17885,17965,18045,18125,18204,18205,18284,18285,18364,18365,18444,18445,18524,18525,18604,18605,18684,18685,18764,18765,18844,18845,18924,18925,19004,19005,19084,19085,19164,19165,19244,19245,19324,19325,19404,19405,19484,19485,19564,19565,19644,19645,19724,19725,19804,19805,19884,19885,19964,19965,20044,20045,20124,20125,20204,20205,20284,20285,20364,20365,20444,20445,20524,20525,20604,20605,20684,20685,20764,20765,20844,20845,20924,20925,21004,21005,21084,21085,21164,21165,21244,21245,21324,21325,21404,21405,21484,21485,21564,21565,21644,21645,21724,21725,21804,21805,21884,21885,21964,21965,22044,22045,22124,22125,22204,22205,22284,22285,22364,22365,22444,22445,22524,22525,22604,22605,22684,22685,22764,22765,22845,22925,23005,23085,23165,23245]}