{"Values":[24.87989616394043,24.809070587158204,24.760334014892579,24.721405029296876,24.688411712646486,24.659584045410158,24.633901596069337,24.61072540283203,24.589611053466798,24.570274353027345,24.552431106567384,24.889850616455079,24.53594207763672,24.834012985229493,24.520658493041993,24.79490089416504,24.506423950195314,24.76369857788086,24.493175506591798,24.737442016601564,24.4808406829834,24.714740753173829,24.46935272216797,24.694765090942384,24.458648681640626,24.676959991455079,24.448684692382814,24.661014556884767,24.43941307067871,24.64663314819336,24.430803298950197,24.633636474609376,24.42281723022461,24.62186622619629,24.41543960571289,24.61121368408203,24.408634185791017,24.601619720458986,24.402400970458986,24.592945098876954,24.396690368652345,24.585159301757814,24.39151382446289,24.578203201293947,24.386838912963868,24.572067260742189,24.382671356201173,24.56669044494629,24.379003524780275,24.562042236328126,24.375808715820314,24.558067321777345,24.373062133789064,24.55483055114746,24.370803833007814,24.552213668823243,24.368986129760743,24.550310134887697,24.367639541625978,24.549026489257814,24.366758346557618,24.54838752746582,24.366304397583009,24.54838752746582,24.366304397583009,24.549026489257814,24.366758346557618,24.550310134887697,24.367639541625978,24.552213668823243,24.368986129760743,24.55483055114746,24.370803833007814,24.558067321777345,24.373062133789064,24.562042236328126,24.375808715820314,24.56669044494629,24.379003524780275,24.572067260742189,24.382671356201173,24.578203201293947,24.386838912963868,24.585159301757814,24.39151382446289,24.592945098876954,24.396690368652345,24.601619720458986,24.402400970458986,24.61121368408203,24.408634185791017,24.62186622619629,24.41543960571289,24.633636474609376,24.42281723022461,24.64663314819336,24.430803298950197,24.661014556884767,24.43941307067871,24.676959991455079,24.448684692382814,24.694765090942384,24.458648681640626,24.714740753173829,24.46935272216797,24.737442016601564,24.4808406829834,24.76369857788086,24.493175506591798,24.79490089416504,24.506423950195314,24.834012985229493,24.520658493041993,24.889850616455079,24.53594207763672,24.552431106567384,24.570274353027345,24.589611053466798,24.61072540283203,24.633901596069337,24.659584045410158,24.688411712646486,24.721405029296876,24.760334014892579,24.809070587158204,24.87989616394043],"instances":[17560,17640,17720,17800,17880,17960,18040,18120,18200,18280,18360,18439,18440,18519,18520,18599,18600,18679,18680,18759,18760,18839,18840,18919,18920,18999,19000,19079,19080,19159,19160,19239,19240,19319,19320,19399,19400,19479,19480,19559,19560,19639,19640,19719,19720,19799,19800,19879,19880,19959,19960,20039,20040,20119,20120,20199,20200,20279,20280,20359,20360,20439,20440,20519,20520,20599,20600,20679,20680,20759,20760,20839,20840,20919,20920,20999,21000,21079,21080,21159,21160,21239,21240,21319,21320,21399,21400,21479,21480,21559,21560,21639,21640,21719,21720,21799,21800,21879,21880,21959,21960,22039,22040,22119,22120,22199,22200,22279,22280,22359,22360,22439,22440,22519,22520,22600,22680,22760,22840,22920,23000,23080,23160,23240,23320,23400]}