{"Values":[25.00647735595703,24.93140411376953,24.88042640686035,24.83978271484375,24.805339813232423,24.77526092529297,24.748451232910158,24.724245071411134,24.702173233032228,24.681913375854493,24.663204193115236,24.64584732055664,24.629722595214845,24.614683151245118,24.600662231445314,24.58755874633789,24.575313568115236,24.563861846923829,24.553157806396486,24.54314422607422,24.533794403076173,24.52509880065918,24.51698875427246,24.509458541870118,24.502504348754884,24.496057510375978,24.490158081054689,24.484739303588868,24.47983169555664,24.475399017333986,24.471437454223634,24.46792984008789,24.464881896972658,24.462278366088868,24.460134506225587,24.45840835571289,24.45711898803711,24.45627212524414,24.455839157104493,24.455839157104493,24.45627212524414,24.45711898803711,24.45840835571289,24.460134506225587,24.462278366088868,24.464881896972658,24.46792984008789,24.471437454223634,24.475399017333986,24.47983169555664,24.484739303588868,24.490158081054689,24.496057510375978,24.502504348754884,24.509458541870118,24.51698875427246,24.52509880065918,24.533794403076173,24.54314422607422,24.553157806396486,24.563861846923829,24.575313568115236,24.58755874633789,24.600662231445314,24.614683151245118,24.629722595214845,24.64584732055664,24.663204193115236,24.681913375854493,24.702173233032228,24.724245071411134,24.748451232910158,24.77526092529297,24.805339813232423,24.83978271484375,24.88042640686035,24.93140411376953,25.00647735595703],"instances":[17403,17483,17563,17643,17723,17803,17883,17963,18043,18123,18203,18283,18363,18443,18523,18603,18683,18763,18843,18923,19003,19083,19163,19243,19323,19403,19483,19563,19643,19723,19803,19883,19963,20043,20123,20203,20283,20363,20443,20523,20603,20683,20763,20843,20923,21003,21083,21163,21243,21323,21403,21483,21563,21643,21723,21803,21883,21963,22043,22123,22203,22283,22363,22443,22523,22603,22683,22763,22843,22923,23003,23083,23163,23243,23323,23403,23483,23563]}