{"Values":[25.097440719604493,25.0082950592041,24.954975128173829,24.913814544677736,24.879497528076173,24.849868774414064,24.8236141204834,25.141845703125,24.80006217956543,25.037071228027345,24.778669357299806,24.986480712890626,24.7591552734375,24.948604583740236,24.741207122802736,24.91757583618164,24.724666595458986,24.891101837158204,24.70935821533203,24.867935180664064,24.695186614990236,24.847393035888673,24.681991577148439,24.82894515991211,24.669750213623048,24.81227684020996,24.658367156982423,24.797138214111329,24.647790908813478,24.783395767211915,24.63797378540039,24.770832061767579,24.628862380981447,24.759376525878908,24.620458602905275,24.748943328857423,24.612667083740236,24.73938751220703,24.605514526367189,24.730754852294923,24.598939895629884,24.722911834716798,24.59295082092285,24.71587371826172,24.587520599365236,24.709548950195314,24.582624435424806,24.70394515991211,24.578262329101564,24.699012756347658,24.574399948120118,24.694725036621095,24.571044921875,24.691112518310548,24.568185806274415,24.68811798095703,24.565807342529298,24.68572235107422,24.56393051147461,24.68395233154297,24.562511444091798,24.682769775390626,24.56158447265625,24.682172775268556,24.56108856201172,24.682172775268556,24.56108856201172,24.682769775390626,24.56158447265625,24.68395233154297,24.562511444091798,24.68572235107422,24.56393051147461,24.68811798095703,24.565807342529298,24.691112518310548,24.568185806274415,24.694725036621095,24.571044921875,24.699012756347658,24.574399948120118,24.70394515991211,24.578262329101564,24.709548950195314,24.582624435424806,24.71587371826172,24.587520599365236,24.722911834716798,24.59295082092285,24.730754852294923,24.598939895629884,24.73938751220703,24.605514526367189,24.748943328857423,24.612667083740236,24.759376525878908,24.620458602905275,24.770832061767579,24.628862380981447,24.783395767211915,24.63797378540039,24.797138214111329,24.647790908813478,24.81227684020996,24.658367156982423,24.82894515991211,24.669750213623048,24.847393035888673,24.681991577148439,24.867935180664064,24.695186614990236,24.891101837158204,24.70935821533203,24.91757583618164,24.724666595458986,24.948604583740236,24.741207122802736,24.986480712890626,24.7591552734375,25.037071228027345,24.778669357299806,25.141845703125,24.80006217956543,24.8236141204834,24.849868774414064,24.879497528076173,24.913814544677736,24.954975128173829,25.0082950592041,25.097440719604493],"instances":[17644,17724,17804,17884,17964,18044,18124,18203,18204,18283,18284,18363,18364,18443,18444,18523,18524,18603,18604,18683,18684,18763,18764,18843,18844,18923,18924,19003,19004,19083,19084,19163,19164,19243,19244,19323,19324,19403,19404,19483,19484,19563,19564,19643,19644,19723,19724,19803,19804,19883,19884,19963,19964,20043,20044,20123,20124,20203,20204,20283,20284,20363,20364,20443,20444,20523,20524,20603,20604,20683,20684,20763,20764,20843,20844,20923,20924,21003,21004,21083,21084,21163,21164,21243,21244,21323,21324,21403,21404,21483,21484,21563,21564,21643,21644,21723,21724,21803,21804,21883,21884,21963,21964,22043,22044,22123,22124,22203,22204,22283,22284,22363,22364,22443,22444,22523,22524,22603,22604,22683,22684,22763,22764,22844,22924,23004,23084,23164,23244,23324]}