{"Values":[25.145490646362306,25.033916473388673,24.97549057006836,24.931106567382814,24.89432716369629,24.86260986328125,24.83456802368164,24.809349060058595,24.786510467529298,24.765567779541017,24.746288299560548,24.728452682495118,24.71190071105957,24.696517944335939,24.682167053222658,24.668766021728517,24.656272888183595,24.64457130432129,24.63365936279297,24.623449325561525,24.61392593383789,24.605073928833009,24.596813201904298,24.589170455932618,24.582067489624025,24.575550079345704,24.569522857666017,25.111265182495118,24.564041137695314,25.077381134033204,24.55904197692871,25.053749084472658,24.554553985595704,25.035598754882814,24.550514221191408,25.021081924438478,24.546974182128908,25.00935173034668,24.543872833251954,24.999868392944337,24.541242599487306,24.992305755615236,24.539051055908204,24.986526489257814,24.537296295166017,24.982229232788087,24.535991668701173,24.97943115234375,24.535125732421876,24.978036880493165,24.534679412841798,24.978036880493165,24.534679412841798,24.97943115234375,24.535125732421876,24.982229232788087,24.535991668701173,24.986526489257814,24.537296295166017,24.992305755615236,24.539051055908204,24.999868392944337,24.541242599487306,25.00935173034668,24.543872833251954,25.021081924438478,24.546974182128908,25.035598754882814,24.550514221191408,25.053749084472658,24.554553985595704,25.077381134033204,24.55904197692871,25.111265182495118,24.564041137695314,24.569522857666017,24.575550079345704,24.582067489624025,24.589170455932618,24.596813201904298,24.605073928833009,24.61392593383789,24.623449325561525,24.63365936279297,24.64457130432129,24.656272888183595,24.668766021728517,24.682167053222658,24.696517944335939,24.71190071105957,24.728452682495118,24.746288299560548,24.765567779541017,24.786510467529298,24.809349060058595,24.83456802368164,24.86260986328125,24.89432716369629,24.931106567382814,24.97549057006836,25.033916473388673,25.145490646362306],"instances":[17404,17484,17564,17644,17724,17804,17884,17964,18044,18124,18204,18284,18364,18444,18524,18604,18684,18764,18844,18924,19004,19084,19164,19244,19324,19404,19484,19563,19564,19643,19644,19723,19724,19803,19804,19883,19884,19963,19964,20043,20044,20123,20124,20203,20204,20283,20284,20363,20364,20443,20444,20523,20524,20603,20604,20683,20684,20763,20764,20843,20844,20923,20924,21003,21004,21083,21084,21163,21164,21243,21244,21323,21324,21403,21404,21484,21564,21644,21724,21804,21884,21964,22044,22124,22204,22284,22364,22444,22524,22604,22684,22764,22844,22924,23004,23084,23164,23244,23324,23404,23484,23564]}