{"Values":[24.963420867919923,24.860673904418947,24.80355453491211,24.75992202758789,24.723651885986329,24.692350387573243,24.66464614868164,24.63974380493164,24.61709213256836,24.596403121948243,24.577301025390626,24.55965805053711,24.54326629638672,24.52802276611328,24.513778686523439,24.50052261352539,24.488121032714845,24.47652816772461,24.46571159362793,24.455596923828126,24.446163177490236,24.437381744384767,24.4291934967041,24.981250762939454,24.421598434448243,24.915712356567384,24.414573669433595,24.879920959472658,24.4080810546875,24.853317260742189,24.402137756347658,24.832063674926759,24.396682739257814,24.814388275146486,24.3917293548584,24.799457550048829,24.38726043701172,24.786693572998048,24.383285522460939,24.775821685791017,24.379749298095704,24.76655387878418,24.376678466796876,24.758716583251954,24.374073028564454,24.75214385986328,24.37189483642578,24.74686050415039,24.370166778564454,24.74268341064453,24.368858337402345,24.739582061767579,24.368000030517579,24.73754119873047,24.367572784423829,24.736528396606447,24.367572784423829,24.736528396606447,24.368000030517579,24.73754119873047,24.368858337402345,24.739582061767579,24.370166778564454,24.74268341064453,24.37189483642578,24.74686050415039,24.374073028564454,24.75214385986328,24.376678466796876,24.758716583251954,24.379749298095704,24.76655387878418,24.383285522460939,24.775821685791017,24.38726043701172,24.786693572998048,24.3917293548584,24.799457550048829,24.396682739257814,24.814388275146486,24.402137756347658,24.832063674926759,24.4080810546875,24.853317260742189,24.414573669433595,24.879920959472658,24.421598434448243,24.915712356567384,24.4291934967041,24.981250762939454,24.437381744384767,24.446163177490236,24.455596923828126,24.46571159362793,24.47652816772461,24.488121032714845,24.50052261352539,24.513778686523439,24.52802276611328,24.54326629638672,24.55965805053711,24.577301025390626,24.596403121948243,24.61709213256836,24.63974380493164,24.66464614868164,24.692350387573243,24.723651885986329,24.75992202758789,24.80355453491211,24.860673904418947,24.963420867919923],"instances":[17401,17481,17561,17641,17721,17801,17881,17961,18041,18121,18201,18281,18361,18441,18521,18601,18681,18761,18841,18921,19001,19081,19161,19162,19241,19242,19321,19322,19401,19402,19481,19482,19561,19562,19641,19642,19721,19722,19801,19802,19881,19882,19961,19962,20041,20042,20121,20122,20201,20202,20281,20282,20361,20362,20441,20442,20521,20522,20601,20602,20681,20682,20761,20762,20841,20842,20921,20922,21001,21002,21081,21082,21161,21162,21241,21242,21321,21322,21401,21402,21481,21482,21561,21562,21641,21642,21721,21722,21801,21802,21881,21961,22041,22121,22201,22281,22361,22441,22521,22601,22681,22761,22841,22921,23001,23081,23161,23241,23321,23401,23481,23561]}