{"Values":[25.051607131958009,24.98492431640625,24.937442779541017,24.899076461791993,24.86642074584961,24.837783813476564,24.8122615814209,24.789142608642579,24.768081665039064,24.748756408691408,24.73094940185547,24.714447021484376,24.699138641357423,25.08129119873047,24.684913635253908,25.026256561279298,24.671653747558595,24.988210678100587,24.65929412841797,24.95802879333496,24.647789001464845,24.93280029296875,24.637056350708009,24.911033630371095,24.627050399780275,24.8919734954834,24.617759704589845,24.875106811523439,24.609130859375,24.860061645507814,24.601131439208986,24.846599578857423,24.593717575073243,24.83450698852539,24.586915969848634,24.823678970336915,24.58063316345215,24.813941955566408,24.574920654296876,24.80527114868164,24.56972885131836,24.79755401611328,24.56505584716797,24.790767669677736,24.560863494873048,24.784809112548829,24.557174682617189,24.77967071533203,24.553958892822267,24.775339126586915,24.551219940185548,24.771766662597658,24.548946380615236,24.76891326904297,24.547142028808595,24.76679229736328,24.545780181884767,24.76538848876953,24.544876098632814,24.76468276977539,24.544416427612306,24.76468276977539,24.544416427612306,24.76538848876953,24.544876098632814,24.76679229736328,24.545780181884767,24.76891326904297,24.547142028808595,24.771766662597658,24.548946380615236,24.775339126586915,24.551219940185548,24.77967071533203,24.553958892822267,24.784809112548829,24.557174682617189,24.790767669677736,24.560863494873048,24.79755401611328,24.56505584716797,24.80527114868164,24.56972885131836,24.813941955566408,24.574920654296876,24.823678970336915,24.58063316345215,24.83450698852539,24.586915969848634,24.846599578857423,24.593717575073243,24.860061645507814,24.601131439208986,24.875106811523439,24.609130859375,24.8919734954834,24.617759704589845,24.911033630371095,24.627050399780275,24.93280029296875,24.637056350708009,24.95802879333496,24.647789001464845,24.988210678100587,24.65929412841797,25.026256561279298,24.671653747558595,25.08129119873047,24.684913635253908,24.699138641357423,24.714447021484376,24.73094940185547,24.748756408691408,24.768081665039064,24.789142608642579,24.8122615814209,24.837783813476564,24.86642074584961,24.899076461791993,24.937442779541017,24.98492431640625,25.051607131958009],"instances":[17564,17644,17724,17804,17884,17964,18044,18124,18204,18284,18364,18444,18524,18603,18604,18683,18684,18763,18764,18843,18844,18923,18924,19003,19004,19083,19084,19163,19164,19243,19244,19323,19324,19403,19404,19483,19484,19563,19564,19643,19644,19723,19724,19803,19804,19883,19884,19963,19964,20043,20044,20123,20124,20203,20204,20283,20284,20363,20364,20443,20444,20523,20524,20603,20604,20683,20684,20763,20764,20843,20844,20923,20924,21003,21004,21083,21084,21163,21164,21243,21244,21323,21324,21403,21404,21483,21484,21563,21564,21643,21644,21723,21724,21803,21804,21883,21884,21963,21964,22043,22044,22123,22124,22203,22204,22283,22284,22363,22364,22444,22524,22604,22684,22764,22844,22924,23004,23084,23164,23244,23324,23404]}