{"Values":[24.978015899658204,24.899658203125,24.848499298095704,24.808292388916017,24.774402618408204,24.744972229003908,24.718799591064454,24.69525718688965,24.673847198486329,24.654205322265626,24.636125564575197,24.61942481994629,24.97736358642578,24.603961944580079,24.918807983398439,24.58957862854004,24.878734588623048,24.57619857788086,24.846967697143556,24.56374740600586,24.82033348083496,24.552146911621095,24.797344207763673,24.541324615478517,24.77712631225586,24.531253814697267,24.75916290283203,24.521900177001954,24.74303436279297,24.513195037841798,24.728511810302736,24.505157470703126,24.715408325195314,24.497713088989259,24.70355796813965,24.4908447265625,24.692832946777345,24.484546661376954,24.68313980102539,24.478805541992189,24.674402236938478,24.473594665527345,24.666563034057618,24.46886444091797,24.659564971923829,24.464656829833986,24.653377532958986,24.46097183227539,24.647972106933595,24.457733154296876,24.643268585205079,24.454975128173829,24.6392879486084,24.452701568603517,24.636028289794923,24.450878143310548,24.633394241333009,24.449512481689454,24.631454467773439,24.448610305786134,24.63016128540039,24.448156356811525,24.62952423095703,24.448156356811525,24.62952423095703,24.448610305786134,24.63016128540039,24.449512481689454,24.631454467773439,24.450878143310548,24.633394241333009,24.452701568603517,24.636028289794923,24.454975128173829,24.6392879486084,24.457733154296876,24.643268585205079,24.46097183227539,24.647972106933595,24.464656829833986,24.653377532958986,24.46886444091797,24.659564971923829,24.473594665527345,24.666563034057618,24.478805541992189,24.674402236938478,24.484546661376954,24.68313980102539,24.4908447265625,24.692832946777345,24.497713088989259,24.70355796813965,24.505157470703126,24.715408325195314,24.513195037841798,24.728511810302736,24.521900177001954,24.74303436279297,24.531253814697267,24.75916290283203,24.541324615478517,24.77712631225586,24.552146911621095,24.797344207763673,24.56374740600586,24.82033348083496,24.57619857788086,24.846967697143556,24.58957862854004,24.878734588623048,24.603961944580079,24.918807983398439,24.61942481994629,24.97736358642578,24.636125564575197,24.654205322265626,24.673847198486329,24.69525718688965,24.718799591064454,24.744972229003908,24.774402618408204,24.808292388916017,24.848499298095704,24.899658203125,24.978015899658204],"instances":[17562,17642,17722,17802,17882,17962,18042,18122,18202,18282,18362,18442,18443,18522,18523,18602,18603,18682,18683,18762,18763,18842,18843,18922,18923,19002,19003,19082,19083,19162,19163,19242,19243,19322,19323,19402,19403,19482,19483,19562,19563,19642,19643,19722,19723,19802,19803,19882,19883,19962,19963,20042,20043,20122,20123,20202,20203,20282,20283,20362,20363,20442,20443,20522,20523,20602,20603,20682,20683,20762,20763,20842,20843,20922,20923,21002,21003,21082,21083,21162,21163,21242,21243,21322,21323,21402,21403,21482,21483,21562,21563,21642,21643,21722,21723,21802,21803,21882,21883,21962,21963,22042,22043,22122,22123,22202,22203,22282,22283,22362,22363,22442,22443,22522,22523,22602,22682,22762,22842,22922,23002,23082,23162,23242,23322,23402]}