{"Values":[24.911949157714845,24.847503662109376,24.800647735595704,24.76250457763672,24.72993278503418,24.70125389099121,24.67562484741211,24.65240478515625,24.63121223449707,24.61172866821289,24.593727111816408,24.5770263671875,24.56151008605957,24.547086715698243,24.533588409423829,24.521011352539064,24.509281158447267,24.498313903808595,24.488054275512697,24.945056915283204,24.478492736816408,24.902332305908204,24.469594955444337,24.871395111083986,24.461318969726564,24.84661102294922,24.453657150268556,24.825965881347658,24.446552276611329,24.808307647705079,24.439979553222658,24.79302406311035,24.43396759033203,24.77969741821289,24.42845916748047,24.76805877685547,24.4234619140625,24.757884979248048,24.418933868408204,24.749065399169923,24.414901733398439,24.74142074584961,24.41136360168457,24.7348690032959,24.408252716064454,24.729381561279298,24.405590057373048,24.724876403808595,24.403419494628908,24.721345901489259,24.40165901184082,24.71869659423828,24.400346755981447,24.716964721679689,24.39948272705078,24.716089248657228,24.3990478515625,24.716089248657228,24.3990478515625,24.716964721679689,24.39948272705078,24.71869659423828,24.400346755981447,24.721345901489259,24.40165901184082,24.724876403808595,24.403419494628908,24.729381561279298,24.405590057373048,24.7348690032959,24.408252716064454,24.74142074584961,24.41136360168457,24.749065399169923,24.414901733398439,24.757884979248048,24.418933868408204,24.76805877685547,24.4234619140625,24.77969741821289,24.42845916748047,24.79302406311035,24.43396759033203,24.808307647705079,24.439979553222658,24.825965881347658,24.446552276611329,24.84661102294922,24.453657150268556,24.871395111083986,24.461318969726564,24.902332305908204,24.469594955444337,24.945056915283204,24.478492736816408,24.488054275512697,24.498313903808595,24.509281158447267,24.521011352539064,24.533588409423829,24.547086715698243,24.56151008605957,24.5770263671875,24.593727111816408,24.61172866821289,24.63121223449707,24.65240478515625,24.67562484741211,24.70125389099121,24.72993278503418,24.76250457763672,24.800647735595704,24.847503662109376,24.911949157714845],"instances":[17482,17562,17642,17722,17802,17882,17962,18042,18122,18202,18282,18362,18442,18522,18602,18682,18762,18842,18922,19001,19002,19081,19082,19161,19162,19241,19242,19321,19322,19401,19402,19481,19482,19561,19562,19641,19642,19721,19722,19801,19802,19881,19882,19961,19962,20041,20042,20121,20122,20201,20202,20281,20282,20361,20362,20441,20442,20521,20522,20601,20602,20681,20682,20761,20762,20841,20842,20921,20922,21001,21002,21081,21082,21161,21162,21241,21242,21321,21322,21401,21402,21481,21482,21561,21562,21641,21642,21721,21722,21801,21802,21881,21882,21961,21962,22042,22122,22202,22282,22362,22442,22522,22602,22682,22762,22842,22922,23002,23082,23162,23242,23322,23402,23482]}