{"Values":[24.88317108154297,24.819927215576173,24.921524047851564,24.77490997314453,24.845829010009767,24.738569259643556,24.797834396362306,24.707782745361329,24.760412216186525,24.680801391601564,24.729175567626954,24.656787872314454,24.702163696289064,24.635177612304689,24.67831802368164,24.615509033203126,24.656978607177736,24.597492218017579,24.63764762878418,24.580970764160158,24.62007713317871,24.565719604492189,24.60401153564453,24.55162811279297,24.589279174804689,24.53860092163086,24.575721740722658,24.526508331298829,24.563249588012697,24.515338897705079,24.5517520904541,24.50497817993164,24.54118537902832,24.49540138244629,24.53143310546875,24.48654556274414,24.522489547729493,24.4783935546875,24.514286041259767,24.470890045166017,24.50680923461914,24.464031219482423,24.499990463256837,24.45777130126953,24.493839263916017,24.45209503173828,24.488290786743165,24.446990966796876,24.483367919921876,24.44243621826172,24.479040145874025,24.438434600830079,24.475261688232423,24.4349308013916,24.47205352783203,24.431968688964845,24.46941375732422,24.429500579833986,24.46728515625,24.427536010742189,24.4657039642334,24.42605972290039,24.46466064453125,24.425086975097658,24.46412467956543,24.42459487915039,24.46412467956543,24.42459487915039,24.46466064453125,24.425086975097658,24.4657039642334,24.42605972290039,24.46728515625,24.427536010742189,24.46941375732422,24.429500579833986,24.47205352783203,24.431968688964845,24.475261688232423,24.4349308013916,24.479040145874025,24.438434600830079,24.483367919921876,24.44243621826172,24.488290786743165,24.446990966796876,24.493839263916017,24.45209503173828,24.499990463256837,24.45777130126953,24.50680923461914,24.464031219482423,24.514286041259767,24.470890045166017,24.522489547729493,24.4783935546875,24.53143310546875,24.48654556274414,24.54118537902832,24.49540138244629,24.5517520904541,24.50497817993164,24.563249588012697,24.515338897705079,24.575721740722658,24.526508331298829,24.589279174804689,24.53860092163086,24.60401153564453,24.55162811279297,24.62007713317871,24.565719604492189,24.63764762878418,24.580970764160158,24.656978607177736,24.597492218017579,24.67831802368164,24.615509033203126,24.702163696289064,24.635177612304689,24.729175567626954,24.656787872314454,24.760412216186525,24.680801391601564,24.797834396362306,24.707782745361329,24.845829010009767,24.738569259643556,24.921524047851564,24.77490997314453,24.819927215576173,24.88317108154297],"instances":[17801,17881,17960,17961,18040,18041,18120,18121,18200,18201,18280,18281,18360,18361,18440,18441,18520,18521,18600,18601,18680,18681,18760,18761,18840,18841,18920,18921,19000,19001,19080,19081,19160,19161,19240,19241,19320,19321,19400,19401,19480,19481,19560,19561,19640,19641,19720,19721,19800,19801,19880,19881,19960,19961,20040,20041,20120,20121,20200,20201,20280,20281,20360,20361,20440,20441,20520,20521,20600,20601,20680,20681,20760,20761,20840,20841,20920,20921,21000,21001,21080,21081,21160,21161,21240,21241,21320,21321,21400,21401,21480,21481,21560,21561,21640,21641,21720,21721,21800,21801,21880,21881,21960,21961,22040,22041,22120,22121,22200,22201,22280,22281,22360,22361,22440,22441,22520,22521,22600,22601,22680,22681,22760,22761,22840,22841,22920,22921,23000,23001,23081,23161]}