{"Values":[6.463667392730713,5.514040470123291,5.514040470123291,6.463667392730713,6.196098804473877,5.343577861785889,5.343577861785889,6.196098804473877,6.463667392730713,5.514040470123291,5.514040470123291,6.463667392730713],"instances":[3,4,5,6,13,14,15,16,23,24,25,26]}