{"Values":[9.520397186279297,9.520397186279297,8.57221794128418,8.57221794128418,9.520397186279297,9.520397186279297],"instances":[4,5,14,15,24,25]}