{"Values":[12.376250267028809,6.352221965789795,12.240710258483887,6.352221965789795,6.341107368469238,12.277670860290528,6.341107368469238,6.369922161102295,12.333462715148926,6.369922161102295,6.408683776855469,12.408512115478516,6.408683776855469],"instances":[16,18,19,20,21,22,23,24,25,26,27,28,29]}