{"Values":[12.292580604553223,7.389276027679443,12.333462715148926,7.389276027679443,6.4630351066589359,12.408512115478516,6.4630351066589359],"instances":[22,24,25,26,27,28,29]}