{"Values":[6.358076572418213,12.22424602508545,6.358076572418213,6.322017669677734,12.240710258483887,6.322017669677734,6.341107368469238,12.277670860290528,6.341107368469238,6.369922161102295,12.333462715148926,6.369922161102295,6.408683776855469,12.408512115478516,6.408683776855469],"instances":[15,16,17,18,19,20,21,22,23,24,25,26,27,28,29]}