{"Values":[6.408683776855469,12.408512115478516,6.408683776855469,6.369922161102295,12.333462715148926,6.369922161102295,6.34110689163208,12.277670860290528,6.34110689163208,6.322017669677734,12.240710258483887,6.322017669677734,6.312509059906006,12.222299575805664,6.312509059906006,6.312509059906006,12.222299575805664,6.312509059906006,6.322017669677734,12.240710258483887,6.322017669677734,6.341107368469238,12.277670860290528,6.341107368469238,6.369921684265137,12.333462715148926,6.369921684265137,6.408683776855469,12.408513069152832,6.408683776855469],"instances":[0,1,2,3,4,5,6,7,8,9,10,11,12,13,14,15,16,17,18,19,20,21,22,23,24,25,26,27,28,29]}