{"Values":[12.328197479248047,6.6209306716918949,12.277670860290528,6.6209306716918949,6.376466274261475,12.333462715148926,6.376466274261475,6.408683776855469,12.408512115478516,6.408683776855469],"instances":[19,21,22,23,24,25,26,27,28,29]}