{"Values":[16.30084991455078,16.36343002319336,16.426515579223634,16.490100860595704,16.554208755493165,16.618824005126954,16.683963775634767,16.749637603759767,16.815845489501954,16.882604598999025,16.94989776611328,17.017765045166017,17.086191177368165,17.15517807006836,17.224754333496095,17.294910430908204,17.365657806396486,17.437000274658204,17.508955001831056,17.581525802612306,17.654720306396486,17.72854232788086,17.803003311157228,17.878110885620118,17.95387840270996,18.030305862426759,18.10740852355957,18.1851863861084,18.263660430908204,18.34282684326172,18.422712326049806,18.503311157226564,18.58463478088379,18.666696548461915,18.749507904052736,18.833078384399415,18.917417526245118,19.00253677368164,19.088441848754884,19.175151824951173,19.262666702270509,19.351009368896486,19.440185546875,19.53020477294922,19.6210880279541,19.712839126586915,19.80547332763672,19.899005889892579,19.993444442749025,20.088808059692384,20.185100555419923,20.282346725463868,20.38055419921875,20.479740142822267,20.579919815063478,20.68109893798828,20.783309936523439,20.886554718017579,20.9908447265625,21.096210479736329,21.202659606933595,21.31021499633789,21.418886184692384,21.528696060180665,21.639659881591798,21.75179672241211,21.865121841430665,21.97966194152832,22.095428466796876,22.212444305419923,22.330730438232423,22.450307846069337,22.571197509765626,22.693418502807618,22.816993713378908,22.94194793701172,23.068300247192384,23.19607925415039,23.32530403137207,23.45600128173828,23.588199615478517,23.721920013427736,23.85719108581543,23.99403953552246,24.132488250732423,24.27256965637207,24.414316177368165,24.557750701904298,24.702913284301759,24.849824905395509,24.998516082763673,25.14902687072754,25.301393508911134,25.455636978149415,25.611801147460939,25.769920349121095,25.930034637451173,26.092172622680665,26.256380081176759,26.42270278930664,26.591171264648439,26.76182746887207,26.934720993041993,27.10988426208496,27.287372589111329,27.46722984313965,27.64950180053711,27.834239959716798,28.02149772644043,28.211318969726564,28.403751373291017,28.598867416381837,28.796709060668947,28.997337341308595,29.2008113861084,29.40719223022461,29.61654281616211,29.82892417907715],"instances":[0,1,2,3,4,5,6,7,8,9,10,11,12,13,14,15,16,17,18,19,20,21,22,23,24,25,26,27,28,29,30,31,32,33,34,35,36,37,38,39,40,41,42,43,44,45,46,47,48,49,50,51,52,53,54,55,56,57,58,59,60,61,62,63,64,65,66,67,68,69,70,71,72,73,74,75,76,77,78,79,80,81,82,83,84,85,86,87,88,89,90,91,92,93,94,95,96,97,98,99,100,101,102,103,104,105,106,107,108,109,110,111,112,113,114,115,116,117]}