{"Values":[16.30084800720215,16.36343002319336,16.426515579223634,16.49009895324707,16.5542049407959,16.61882209777832,16.683961868286134,16.749631881713868,16.815839767456056,16.882596969604493,16.949901580810548,17.017759323120118,17.086183547973634,17.155176162719728,17.22474479675293,17.294902801513673,17.365652084350587,17.437000274658204,17.508953094482423,17.58152198791504,17.654714584350587,17.728538513183595,17.80299949645996,17.87810707092285,17.953874588012697,18.030302047729493,18.107402801513673,18.185184478759767,18.263656616210939,18.34282684326172,18.422706604003908,18.50330352783203,18.584630966186525,18.666696548461915,18.74951171875,18.833078384399415,18.917415618896486,19.00253677368164,19.088441848754884,19.175151824951173,19.262666702270509,19.351009368896486,19.440185546875,19.53020477294922,19.6210880279541,19.712839126586915,19.80547332763672,19.899005889892579,19.993444442749025,20.088808059692384,20.185100555419923,20.282346725463868,20.38055419921875,20.479740142822267,20.579919815063478,20.68109893798828,20.783308029174806,20.886554718017579,20.990848541259767,21.096210479736329,21.20266342163086,21.310213088989259,21.418886184692384,21.528696060180665,21.63966178894043,21.751794815063478,21.865121841430665,21.979660034179689,22.095428466796876,22.212444305419923,22.330732345581056,22.450307846069337,22.571197509765626,22.693418502807618,22.816993713378908,22.94194793701172,23.068300247192384,23.19607925415039,23.32530403137207,23.45600128173828,23.588199615478517,23.721920013427736,23.857189178466798,23.994035720825197,24.132488250732423,24.27256965637207,24.414316177368165,24.55775260925293,24.702913284301759,24.849824905395509,24.998516082763673,25.149028778076173,25.301387786865236,25.455636978149415,25.61180305480957,25.769922256469728,25.930034637451173,26.09217643737793,26.256383895874025,26.422700881958009,26.591169357299806,26.761825561523439,26.93471908569336,27.10988426208496,27.287372589111329,27.46722984313965,27.64950180053711,27.83423614501953,28.021493911743165,28.211318969726564,28.403751373291017,28.598867416381837,28.796709060668947,28.997337341308595,29.2008113861084,29.40719223022461,29.616544723510743,29.82892417907715],"instances":[0,1,2,3,4,5,6,7,8,9,10,11,12,13,14,15,16,17,18,19,20,21,22,23,24,25,26,27,28,29,30,31,32,33,34,35,36,37,38,39,40,41,42,43,44,45,46,47,48,49,50,51,52,53,54,55,56,57,58,59,60,61,62,63,64,65,66,67,68,69,70,71,72,73,74,75,76,77,78,79,80,81,82,83,84,85,86,87,88,89,90,91,92,93,94,95,96,97,98,99,100,101,102,103,104,105,106,107,108,109,110,111,112,113,114,115,116,117]}