{"Values":[16.300846099853517,16.36343002319336,16.426513671875,16.490102767944337,16.5542049407959,16.61882209777832,16.683961868286134,16.749631881713868,16.815839767456056,16.882600784301759,16.94989585876465,17.01776123046875,17.086183547973634,17.155174255371095,17.224750518798829,17.294910430908204,17.36565399169922,17.436994552612306,17.508953094482423,17.581523895263673,17.654714584350587,17.72854232788086,17.803001403808595,17.878108978271486,17.95387077331543,18.030302047729493,18.10740089416504,18.1851863861084,18.263656616210939,18.34282684326172,18.422710418701173,18.503307342529298,18.584632873535158,18.666696548461915,18.749509811401368,18.833078384399415,18.917415618896486,19.002534866333009,19.088441848754884,19.17514991760254,19.262666702270509,19.35100555419922,19.440185546875,19.530208587646486,19.62108039855957,19.712839126586915,19.80546760559082,19.899002075195314,19.993444442749025,20.088804244995118,20.18509864807129,20.2823486328125,20.38055419921875,20.479736328125,20.579919815063478,20.681100845336915,20.783309936523439,20.886550903320314,20.990848541259767,21.096210479736329,21.20266342163086,21.310213088989259,21.418886184692384,21.528696060180665,21.63966178894043,21.751794815063478,21.865121841430665,21.979660034179689,22.095428466796876,22.212444305419923,22.330732345581056,22.450307846069337,22.571197509765626,22.693418502807618,22.816993713378908,22.94194793701172,23.068300247192384,23.19607925415039,23.32530403137207,23.45600128173828,23.588199615478517,23.721920013427736,23.857189178466798,23.994035720825197,24.132488250732423,24.27256965637207,24.414316177368165,24.557750701904298,24.702913284301759,24.849824905395509,24.998516082763673,25.149028778076173,25.301389694213868,25.455636978149415,25.611801147460939,25.769920349121095,25.930034637451173,26.092172622680665,26.256380081176759,26.42270278930664,26.591171264648439,26.76182746887207,26.934720993041993,27.109882354736329,27.28737449645996,27.467227935791017,27.649503707885743,27.834243774414064,28.021493911743165,28.211315155029298,28.403751373291017,28.598865509033204,28.796709060668947,28.997337341308595,29.2008113861084,29.407196044921876,29.61654281616211,29.828922271728517],"instances":[0,1,2,3,4,5,6,7,8,9,10,11,12,13,14,15,16,17,18,19,20,21,22,23,24,25,26,27,28,29,30,31,32,33,34,35,36,37,38,39,40,41,42,43,44,45,46,47,48,49,50,51,52,53,54,55,56,57,58,59,60,61,62,63,64,65,66,67,68,69,70,71,72,73,74,75,76,77,78,79,80,81,82,83,84,85,86,87,88,89,90,91,92,93,94,95,96,97,98,99,100,101,102,103,104,105,106,107,108,109,110,111,112,113,114,115,116,117]}