{"Values":[16.300846099853517,16.36343002319336,16.426513671875,16.490100860595704,16.554203033447267,16.618820190429689,16.683961868286134,16.749635696411134,16.815845489501954,16.882598876953126,16.94989776611328,17.017759323120118,17.086183547973634,17.15517807006836,17.224754333496095,17.294910430908204,17.365657806396486,17.437000274658204,17.508955001831056,17.581525802612306,17.654720306396486,17.72854232788086,17.803003311157228,17.878110885620118,17.95387840270996,18.030305862426759,18.10740852355957,18.1851863861084,18.263660430908204,18.34282684326172,18.422712326049806,18.503311157226564,18.584640502929689,18.666696548461915,18.749513626098634,18.833080291748048,18.917423248291017,19.00253677368164,19.08844566345215,19.175151824951173,19.26266860961914,19.35101318359375,19.440185546875,19.53020668029785,19.6210880279541,19.712846755981447,19.805479049682618,19.899009704589845,19.993446350097658,20.088808059692384,20.18510627746582,20.282352447509767,20.38056182861328,20.479740142822267,20.579923629760743,20.68110466003418,20.78331184387207,20.886554718017579,20.9908504486084,21.096221923828126,21.20265769958496,21.310218811035158,21.41888999938965,21.52869415283203,21.639665603637697,21.751798629760743,21.865121841430665,21.97966194152832,22.095428466796876,22.212444305419923,22.330730438232423,22.450307846069337,22.571197509765626,22.693418502807618,22.816993713378908,22.94194793701172,23.068300247192384,23.19607925415039,23.32530403137207,23.45600128173828,23.588199615478517,23.721920013427736,23.85719108581543,23.99403953552246,24.132488250732423,24.27256965637207,24.414316177368165,24.557750701904298,24.702913284301759,24.849824905395509,24.998516082763673,25.14902687072754,25.301393508911134,25.455636978149415,25.611801147460939,25.769920349121095,25.930034637451173,26.092172622680665,26.256380081176759,26.42270278930664,26.591171264648439,26.76182746887207,26.934720993041993,27.109880447387697,27.287372589111329,27.46722984313965,27.649503707885743,27.83424186706543,28.021493911743165,28.211318969726564,28.403751373291017,28.598865509033204,28.796709060668947,28.997337341308595,29.2008113861084,29.407196044921876,29.61654281616211,29.82892608642578],"instances":[0,1,2,3,4,5,6,7,8,9,10,11,12,13,14,15,16,17,18,19,20,21,22,23,24,25,26,27,28,29,30,31,32,33,34,35,36,37,38,39,40,41,42,43,44,45,46,47,48,49,50,51,52,53,54,55,56,57,58,59,60,61,62,63,64,65,66,67,68,69,70,71,72,73,74,75,76,77,78,79,80,81,82,83,84,85,86,87,88,89,90,91,92,93,94,95,96,97,98,99,100,101,102,103,104,105,106,107,108,109,110,111,112,113,114,115,116,117]}